timestamp,equity,symbol,price
2026-02-20 10:47:16.352869,100.0,XLM_BTC,2.38e-06
2026-02-20 10:47:16.485128,100.0,TIA_USD,0.4731
2026-02-20 10:47:17.045091,100.0,XLM_BTC,2.37e-06
2026-02-20 10:47:17.174246,100.0,TIA_USD,0.4723
2026-02-20 10:47:17.786292,100.0,XLM_BTC,2.37e-06
2026-02-20 10:47:17.912626,100.0,TIA_USD,0.4679
2026-02-20 10:47:18.501641,100.0,XLM_BTC,2.35e-06
2026-02-20 10:47:18.639818,100.0,TIA_USD,0.4624
2026-02-20 10:47:19.224400,100.0,XLM_BTC,2.37e-06
2026-02-20 10:47:19.353584,100.0,TIA_USD,0.48
2026-02-20 10:47:19.913878,100.0,XLM_BTC,2.37e-06
2026-02-20 10:47:20.042832,100.0,TIA_USD,0.4759
2026-02-20 10:47:20.563244,100.0,XLM_BTC,2.36e-06
2026-02-20 10:47:20.685677,100.0,TIA_USD,0.4666
2026-02-20 10:47:21.229029,100.0,XLM_BTC,2.35e-06
2026-02-20 10:47:21.346336,100.0,TIA_USD,0.4588
2026-02-20 10:47:21.817324,100.0,XLM_BTC,2.35e-06
2026-02-20 10:47:21.930025,100.0,TIA_USD,0.4638
2026-02-20 10:47:22.416120,100.0,XLM_BTC,2.38e-06
2026-02-20 10:47:22.521644,100.0,TIA_USD,0.4846
2026-02-20 10:47:22.984187,100.0,XLM_BTC,2.38e-06
2026-02-20 10:47:23.066877,100.0,TIA_USD,0.4827
2026-02-20 10:47:23.503269,100.0,XLM_BTC,2.4e-06
2026-02-20 10:47:23.586951,100.0,TIA_USD,0.4901
2026-02-20 10:47:24.058014,100.0,XLM_BTC,2.38e-06
2026-02-20 10:47:24.142012,100.0,TIA_USD,0.4798
2026-02-20 10:47:24.593827,100.0,XLM_BTC,2.37e-06
2026-02-20 10:47:24.669949,100.0,TIA_USD,0.4718
2026-02-20 10:47:25.128537,100.0,XLM_BTC,2.39e-06
2026-02-20 10:47:25.207104,100.0,TIA_USD,0.475
2026-02-20 10:47:25.655878,100.0,XLM_BTC,2.39e-06
2026-02-20 10:47:25.734424,100.0,TIA_USD,0.4781
2026-02-20 10:47:26.166731,100.0,XLM_BTC,2.39e-06
2026-02-20 10:47:26.243689,100.0,TIA_USD,0.4798
2026-02-20 10:47:26.683933,100.0,XLM_BTC,2.38e-06
2026-02-20 10:47:26.760354,100.0,TIA_USD,0.4758
2026-02-20 10:47:27.192794,100.0,XLM_BTC,2.38e-06
2026-02-20 10:47:27.269170,100.0,TIA_USD,0.4786
2026-02-20 10:47:27.725020,100.0,XLM_BTC,2.39e-06
2026-02-20 10:47:27.817205,100.0,TIA_USD,0.4758
2026-02-20 10:47:28.265531,100.0,XLM_BTC,2.38e-06
2026-02-20 10:47:28.340608,100.0,TIA_USD,0.4743
2026-02-20 10:47:28.767116,100.0,XLM_BTC,2.39e-06
2026-02-20 10:47:28.842776,100.0,TIA_USD,0.4727
2026-02-20 10:47:29.267827,100.0,XLM_BTC,2.39e-06
2026-02-20 10:47:29.348583,100.0,TIA_USD,0.4717
2026-02-20 10:47:29.776440,100.0,XLM_BTC,2.4e-06
2026-02-20 10:47:29.851296,100.0,TIA_USD,0.4762
2026-02-20 10:47:30.287395,100.0,XLM_BTC,2.38e-06
2026-02-20 10:47:30.364046,100.0,TIA_USD,0.4733
2026-02-20 10:47:30.787306,100.0,XLM_BTC,2.38e-06
2026-02-20 10:47:30.863580,100.0,TIA_USD,0.4701
2026-02-20 10:47:31.300398,100.0,XLM_BTC,2.37e-06
2026-02-20 10:47:31.376789,100.0,TIA_USD,0.4669
2026-02-20 10:47:31.814171,100.0,XLM_BTC,2.38e-06
2026-02-20 10:47:31.889942,100.0,TIA_USD,0.4669
2026-02-20 10:47:32.319058,100.0,XLM_BTC,2.37e-06
2026-02-20 10:47:32.396290,100.0,TIA_USD,0.4595
2026-02-20 10:47:32.828422,100.0,XLM_BTC,2.37e-06
2026-02-20 10:47:32.905480,100.0,TIA_USD,0.4621
2026-02-20 10:47:33.335232,100.0,XLM_BTC,2.39e-06
2026-02-20 10:47:33.411764,100.0,TIA_USD,0.4639
2026-02-20 10:47:33.854200,100.0,XLM_BTC,2.39e-06
2026-02-20 10:47:33.931345,100.0,TIA_USD,0.4651
2026-02-20 10:47:34.354933,100.0,XLM_BTC,2.38e-06
2026-02-20 10:47:34.431615,100.0,TIA_USD,0.4632
2026-02-20 10:47:34.860695,100.0,XLM_BTC,2.37e-06
2026-02-20 10:47:34.936051,100.0,TIA_USD,0.4614
2026-02-20 10:47:35.376747,100.0,XLM_BTC,2.37e-06
2026-02-20 10:47:35.451932,100.0,TIA_USD,0.4573
2026-02-20 10:47:35.876291,100.0,XLM_BTC,2.37e-06
2026-02-20 10:47:35.952028,100.0,TIA_USD,0.4567
2026-02-20 10:47:36.373918,100.0,XLM_BTC,2.37e-06
2026-02-20 10:47:36.452397,100.0,TIA_USD,0.4571
2026-02-20 10:47:36.857815,100.0,XLM_BTC,2.37e-06
2026-02-20 10:47:36.934294,100.0,TIA_USD,0.4559
2026-02-20 10:47:37.355222,100.0,XLM_BTC,2.37e-06
2026-02-20 10:47:37.432532,100.0,TIA_USD,0.4589
2026-02-20 10:47:37.846830,100.0,XLM_BTC,2.36e-06
2026-02-20 10:47:37.924757,100.0,TIA_USD,0.4613
2026-02-20 10:47:38.338808,100.0,XLM_BTC,2.37e-06
2026-02-20 10:47:38.419559,100.0,TIA_USD,0.4618
2026-02-20 10:47:38.844919,100.0,XLM_BTC,2.37e-06
2026-02-20 10:47:38.922110,100.0,TIA_USD,0.4659
2026-02-20 10:47:39.332091,100.0,XLM_BTC,2.37e-06
2026-02-20 10:47:39.409377,100.0,TIA_USD,0.4717
2026-02-20 10:47:39.835426,100.0,XLM_BTC,2.36e-06
2026-02-20 10:47:39.911358,100.0,TIA_USD,0.4693
2026-02-20 10:47:40.314950,100.0,XLM_BTC,2.37e-06
2026-02-20 10:47:40.392882,100.0,TIA_USD,0.4652
2026-02-20 10:47:40.813525,100.0,XLM_BTC,2.36e-06
2026-02-20 10:47:40.876408,100.0,TIA_USD,0.4629
2026-02-20 10:47:41.305286,100.0,XLM_BTC,2.36e-06
2026-02-20 10:47:41.382229,100.0,TIA_USD,0.4579
2026-02-20 10:47:41.811217,100.0,XLM_BTC,2.35e-06
2026-02-20 10:47:41.889020,100.0,TIA_USD,0.46
2026-02-20 10:47:42.309390,100.0,XLM_BTC,2.35e-06
2026-02-20 10:47:42.385806,100.0,TIA_USD,0.459
2026-02-20 10:47:42.795882,100.0,XLM_BTC,2.36e-06
2026-02-20 10:47:42.872951,100.0,TIA_USD,0.4595
2026-02-20 10:47:43.293336,100.0,XLM_BTC,2.37e-06
2026-02-20 10:47:43.371599,100.0,TIA_USD,0.4586
2026-02-20 10:47:43.782999,100.0,XLM_BTC,2.37e-06
2026-02-20 10:47:43.861526,100.0,TIA_USD,0.4606
2026-02-20 10:47:44.276572,100.0,XLM_BTC,2.35e-06
2026-02-20 10:47:44.354261,100.0,TIA_USD,0.447
2026-02-20 10:47:44.780287,100.0,XLM_BTC,2.37e-06
2026-02-20 10:47:44.857519,100.0,TIA_USD,0.4567
2026-02-20 10:47:45.263163,100.0,XLM_BTC,2.39e-06
2026-02-20 10:47:45.339874,100.0,TIA_USD,0.4657
2026-02-20 10:47:45.760013,100.0,XLM_BTC,2.39e-06
2026-02-20 10:47:45.833935,100.0,TIA_USD,0.4721
2026-02-20 10:47:46.243043,100.0,XLM_BTC,2.4e-06
2026-02-20 10:47:46.320996,100.0,TIA_USD,0.4688
2026-02-20 10:47:46.762722,100.0,XLM_BTC,2.37e-06
2026-02-20 10:47:46.839825,100.0,TIA_USD,0.4564
2026-02-20 10:47:47.256200,100.0,XLM_BTC,2.36e-06
2026-02-20 10:47:47.332336,100.0,TIA_USD,0.4493
2026-02-20 10:47:47.749293,100.0,XLM_BTC,2.37e-06
2026-02-20 10:47:47.826979,100.0,TIA_USD,0.4554
2026-02-20 10:47:48.260055,100.0,XLM_BTC,2.37e-06
2026-02-20 10:47:48.336361,100.0,TIA_USD,0.4553
2026-02-20 10:47:48.746079,100.0,XLM_BTC,2.37e-06
2026-02-20 10:47:48.823073,100.0,TIA_USD,0.4532
2026-02-20 10:47:49.246154,100.0,XLM_BTC,2.36e-06
2026-02-20 10:47:49.323061,100.0,TIA_USD,0.4538
2026-02-20 10:47:49.753061,100.0,XLM_BTC,2.36e-06
2026-02-20 10:47:49.829846,100.0,TIA_USD,0.453
2026-02-20 10:47:50.246686,100.0,XLM_BTC,2.36e-06
2026-02-20 10:47:50.324126,100.0,TIA_USD,0.4538
2026-02-20 10:47:50.743527,100.0,XLM_BTC,2.36e-06
2026-02-20 10:47:50.816926,100.0,TIA_USD,0.4599
2026-02-20 10:47:51.230281,100.0,XLM_BTC,2.36e-06
2026-02-20 10:47:51.306937,100.0,TIA_USD,0.4564
2026-02-20 10:47:51.730483,100.0,XLM_BTC,2.36e-06
2026-02-20 10:47:51.806772,100.0,TIA_USD,0.4555
2026-02-20 10:47:52.222079,100.0,XLM_BTC,2.35e-06
2026-02-20 10:47:52.298208,100.0,TIA_USD,0.4589
2026-02-20 10:47:52.709937,100.0,XLM_BTC,2.35e-06
2026-02-20 10:47:52.787165,100.0,TIA_USD,0.458
2026-02-20 10:47:53.204494,100.0,XLM_BTC,2.36e-06
2026-02-20 10:47:53.280380,100.0,TIA_USD,0.4603
2026-02-20 10:47:53.697220,100.0,XLM_BTC,2.36e-06
2026-02-20 10:47:53.773944,100.0,TIA_USD,0.4584
2026-02-20 10:47:54.205780,100.0,XLM_BTC,2.35e-06
2026-02-20 10:47:54.282110,100.0,TIA_USD,0.46
2026-02-20 10:47:54.698229,100.0,XLM_BTC,2.36e-06
2026-02-20 10:47:54.775712,100.0,TIA_USD,0.4627
2026-02-20 10:47:55.190125,100.0,XLM_BTC,2.37e-06
2026-02-20 10:47:55.266772,100.0,TIA_USD,0.4654
2026-02-20 10:47:55.688795,100.0,XLM_BTC,2.37e-06
2026-02-20 10:47:55.765815,100.0,TIA_USD,0.4643
2026-02-20 10:47:56.194058,100.0,XLM_BTC,2.37e-06
2026-02-20 10:47:56.271331,100.0,TIA_USD,0.4639
2026-02-20 10:47:56.693673,100.0,XLM_BTC,2.36e-06
2026-02-20 10:47:56.771597,100.0,TIA_USD,0.4565
2026-02-20 10:47:57.179698,100.0,XLM_BTC,2.36e-06
2026-02-20 10:47:57.256785,100.0,TIA_USD,0.454
2026-02-20 10:47:57.680928,100.0,XLM_BTC,2.37e-06
2026-02-20 10:47:57.758040,100.0,TIA_USD,0.4554
2026-02-20 10:47:58.171157,100.0,XLM_BTC,2.38e-06
2026-02-20 10:47:58.247852,100.0,TIA_USD,0.4546
2026-02-20 10:47:58.671371,100.0,XLM_BTC,2.37e-06
2026-02-20 10:47:58.748311,100.0,TIA_USD,0.4546
2026-02-20 10:47:59.171932,100.0,XLM_BTC,2.37e-06
2026-02-20 10:47:59.247664,100.0,TIA_USD,0.4575
2026-02-20 10:47:59.655560,100.0,XLM_BTC,2.37e-06
2026-02-20 10:47:59.732842,100.0,TIA_USD,0.4568
2026-02-20 10:48:00.150559,100.0,XLM_BTC,2.38e-06
2026-02-20 10:48:00.227391,100.0,TIA_USD,0.4562
2026-02-20 10:48:00.640506,100.0,XLM_BTC,2.37e-06
2026-02-20 10:48:00.715616,100.0,TIA_USD,0.4591
2026-02-20 10:48:01.144806,100.0,XLM_BTC,2.37e-06
2026-02-20 10:48:01.221498,100.0,TIA_USD,0.4571
2026-02-20 10:48:01.641374,100.0,XLM_BTC,2.36e-06
2026-02-20 10:48:01.717824,100.0,TIA_USD,0.4549
2026-02-20 10:48:02.136113,100.0,XLM_BTC,2.36e-06
2026-02-20 10:48:02.212696,100.0,TIA_USD,0.4554
2026-02-20 10:48:02.637248,100.0,XLM_BTC,2.36e-06
2026-02-20 10:48:02.713637,100.0,TIA_USD,0.4512
2026-02-20 10:48:03.131340,100.0,XLM_BTC,2.36e-06
2026-02-20 10:48:03.208148,100.0,TIA_USD,0.4526
2026-02-20 10:48:03.631259,100.0,XLM_BTC,2.36e-06
2026-02-20 10:48:03.707821,100.0,TIA_USD,0.4519
2026-02-20 10:48:04.121959,100.0,XLM_BTC,2.36e-06
2026-02-20 10:48:04.197949,100.0,TIA_USD,0.4532
2026-02-20 10:48:04.627817,100.0,XLM_BTC,2.37e-06
2026-02-20 10:48:04.705140,100.0,TIA_USD,0.4515
2026-02-20 10:48:05.117146,100.0,XLM_BTC,2.37e-06
2026-02-20 10:48:05.195762,100.0,TIA_USD,0.4488
2026-02-20 10:48:05.608557,100.0,XLM_BTC,2.38e-06
2026-02-20 10:48:05.686504,100.0,TIA_USD,0.4574
2026-02-20 10:48:06.108698,100.0,XLM_BTC,2.38e-06
2026-02-20 10:48:06.185084,100.0,TIA_USD,0.4576
2026-02-20 10:48:06.598484,100.0,XLM_BTC,2.38e-06
2026-02-20 10:48:06.674889,100.0,TIA_USD,0.4559
2026-02-20 10:48:07.088428,100.0,XLM_BTC,2.35e-06
2026-02-20 10:48:07.165423,100.0,TIA_USD,0.452
2026-02-20 10:48:07.578821,100.0,XLM_BTC,2.36e-06
2026-02-20 10:48:07.656565,100.0,TIA_USD,0.4505
2026-02-20 10:48:08.078043,100.0,XLM_BTC,2.35e-06
2026-02-20 10:48:08.168899,100.0,TIA_USD,0.4461
2026-02-20 10:48:08.588051,100.0,XLM_BTC,2.35e-06
2026-02-20 10:48:08.665628,100.0,TIA_USD,0.4475
2026-02-20 10:48:09.092171,100.0,XLM_BTC,2.32e-06
2026-02-20 10:48:09.170851,100.0,TIA_USD,0.4354
2026-02-20 10:48:09.598130,100.0,XLM_BTC,2.34e-06
2026-02-20 10:48:09.675860,100.0,TIA_USD,0.4357
2026-02-20 10:48:10.089556,100.0,XLM_BTC,2.33e-06
2026-02-20 10:48:10.167723,100.0,TIA_USD,0.4287
2026-02-20 10:48:10.591660,100.0,XLM_BTC,2.34e-06
2026-02-20 10:48:10.668700,100.0,TIA_USD,0.4213
2026-02-20 10:48:11.078858,100.0,XLM_BTC,2.33e-06
2026-02-20 10:48:11.157510,100.0,TIA_USD,0.4191
2026-02-20 10:48:11.568528,100.0,XLM_BTC,2.35e-06
2026-02-20 10:48:11.646136,100.0,TIA_USD,0.425
2026-02-20 10:48:12.072887,100.0,XLM_BTC,2.34e-06
2026-02-20 10:48:12.151146,100.0,TIA_USD,0.4231
2026-02-20 10:48:12.565747,100.0,XLM_BTC,2.35e-06
2026-02-20 10:48:12.642008,100.0,TIA_USD,0.428
2026-02-20 10:48:13.059496,100.0,XLM_BTC,2.35e-06
2026-02-20 10:48:13.138546,100.0,TIA_USD,0.4279
2026-02-20 10:48:13.552795,100.0,XLM_BTC,2.37e-06
2026-02-20 10:48:13.632898,100.0,TIA_USD,0.4399
2026-02-20 10:48:14.049122,100.0,XLM_BTC,2.36e-06
2026-02-20 10:48:14.125527,100.0,TIA_USD,0.4414
2026-02-20 10:48:14.546442,100.0,XLM_BTC,2.36e-06
2026-02-20 10:48:14.623484,100.0,TIA_USD,0.4384
2026-02-20 10:48:15.032688,100.0,XLM_BTC,2.37e-06
2026-02-20 10:48:15.109714,100.0,TIA_USD,0.4445
2026-02-20 10:48:15.529163,100.0,XLM_BTC,2.36e-06
2026-02-20 10:48:15.606998,100.0,TIA_USD,0.443
2026-02-20 10:48:16.009627,100.0,XLM_BTC,2.36e-06
2026-02-20 10:48:16.086554,100.0,TIA_USD,0.4442
2026-02-20 10:48:16.510708,100.0,XLM_BTC,2.36e-06
2026-02-20 10:48:16.588264,100.0,TIA_USD,0.4438
2026-02-20 10:48:17.006443,100.0,XLM_BTC,2.36e-06
2026-02-20 10:48:17.084692,100.0,TIA_USD,0.4461
2026-02-20 10:48:17.498669,100.0,XLM_BTC,2.36e-06
2026-02-20 10:48:17.574769,100.0,TIA_USD,0.4418
2026-02-20 10:48:17.994761,100.0,XLM_BTC,2.35e-06
2026-02-20 10:48:18.072835,100.0,TIA_USD,0.4424
2026-02-20 10:48:18.484908,100.0,XLM_BTC,2.35e-06
2026-02-20 10:48:18.562528,100.0,TIA_USD,0.442
2026-02-20 10:48:19.025809,100.0,XLM_BTC,2.36e-06
2026-02-20 10:48:19.107493,100.0,TIA_USD,0.4438
2026-02-20 10:48:19.540245,100.0,XLM_BTC,2.37e-06
2026-02-20 10:48:19.620477,100.0,TIA_USD,0.4456
2026-02-20 10:48:20.040781,100.0,XLM_BTC,2.37e-06
2026-02-20 10:48:20.116897,100.0,TIA_USD,0.4458
2026-02-20 10:48:20.534201,100.0,XLM_BTC,2.38e-06
2026-02-20 10:48:20.613081,100.0,TIA_USD,0.4434
2026-02-20 10:48:21.030304,100.0,XLM_BTC,2.39e-06
2026-02-20 10:48:21.109270,100.0,TIA_USD,0.4464
2026-02-20 10:48:21.572255,100.0,XLM_BTC,2.36e-06
2026-02-20 10:48:21.655540,100.0,TIA_USD,0.4456
2026-02-20 10:48:22.127941,100.0,XLM_BTC,2.36e-06
2026-02-20 10:48:22.206161,100.0,TIA_USD,0.446
2026-02-20 10:48:22.632975,100.0,XLM_BTC,2.35e-06
2026-02-20 10:48:22.706616,100.0,TIA_USD,0.4463
2026-02-20 10:48:23.117136,100.0,XLM_BTC,2.35e-06
2026-02-20 10:48:23.189671,100.0,TIA_USD,0.4432
2026-02-20 10:48:23.598095,100.0,XLM_BTC,2.36e-06
2026-02-20 10:48:23.670563,100.0,TIA_USD,0.449
2026-02-20 10:48:24.072924,100.0,XLM_BTC,2.35e-06
2026-02-20 10:48:24.145842,100.0,TIA_USD,0.4468
2026-02-20 10:48:24.558116,100.0,XLM_BTC,2.35e-06
2026-02-20 10:48:24.630750,100.0,TIA_USD,0.4448
2026-02-20 10:48:25.048211,100.0,XLM_BTC,2.35e-06
2026-02-20 10:48:25.120853,100.0,TIA_USD,0.4446
2026-02-20 10:48:25.517399,100.0,XLM_BTC,2.35e-06
2026-02-20 10:48:25.590122,100.0,TIA_USD,0.4471
2026-02-20 10:48:26.000208,100.0,XLM_BTC,2.35e-06
2026-02-20 10:48:26.072945,100.0,TIA_USD,0.4433
2026-02-20 10:48:26.467280,100.0,XLM_BTC,2.35e-06
2026-02-20 10:48:26.539033,100.0,TIA_USD,0.4415
2026-02-20 10:48:26.943665,100.0,XLM_BTC,2.34e-06
2026-02-20 10:48:27.016104,100.0,TIA_USD,0.4413
2026-02-20 10:48:27.422448,100.0,XLM_BTC,2.34e-06
2026-02-20 10:48:27.498814,100.0,TIA_USD,0.4423
2026-02-20 10:48:27.918636,100.0,XLM_BTC,2.33e-06
2026-02-20 10:48:27.990706,100.0,TIA_USD,0.4395
2026-02-20 10:48:28.401906,100.0,XLM_BTC,2.33e-06
2026-02-20 10:48:28.475323,100.0,TIA_USD,0.4432
2026-02-20 10:48:28.873143,100.0,XLM_BTC,2.33e-06
2026-02-20 10:48:28.946269,100.0,TIA_USD,0.4407
2026-02-20 10:48:29.356843,100.0,XLM_BTC,2.33e-06
2026-02-20 10:48:29.428779,100.0,TIA_USD,0.4405
2026-02-20 10:48:29.844878,100.0,XLM_BTC,2.34e-06
2026-02-20 10:48:29.918047,100.0,TIA_USD,0.44
2026-02-20 10:48:30.335825,100.0,XLM_BTC,2.35e-06
2026-02-20 10:48:30.408140,100.0,TIA_USD,0.4411
2026-02-20 10:48:30.821851,100.0,XLM_BTC,2.35e-06
2026-02-20 10:48:30.893897,100.0,TIA_USD,0.4392
2026-02-20 10:48:31.304906,100.0,XLM_BTC,2.34e-06
2026-02-20 10:48:31.376977,100.0,TIA_USD,0.4398
2026-02-20 10:48:31.806235,100.0,XLM_BTC,2.33e-06
2026-02-20 10:48:31.878733,100.0,TIA_USD,0.4368
2026-02-20 10:48:32.277848,100.0,XLM_BTC,2.34e-06
2026-02-20 10:48:32.350106,100.0,TIA_USD,0.4408
2026-02-20 10:48:32.758635,100.0,XLM_BTC,2.35e-06
2026-02-20 10:48:32.831783,100.0,TIA_USD,0.453
2026-02-20 10:48:33.239978,100.0,XLM_BTC,2.34e-06
2026-02-20 10:48:33.312224,100.0,TIA_USD,0.4386
2026-02-20 10:48:33.714357,100.0,XLM_BTC,2.32e-06
2026-02-20 10:48:33.787697,100.0,TIA_USD,0.4434
2026-02-20 10:48:34.201315,100.0,XLM_BTC,2.33e-06
2026-02-20 10:48:34.274262,100.0,TIA_USD,0.4497
2026-02-20 10:48:34.675936,100.0,XLM_BTC,2.34e-06
2026-02-20 10:48:34.749282,100.0,TIA_USD,0.4556
2026-02-20 10:48:35.170983,100.0,XLM_BTC,2.34e-06
2026-02-20 10:48:35.242750,100.0,TIA_USD,0.4528
2026-02-20 10:48:35.650445,100.0,XLM_BTC,2.34e-06
2026-02-20 10:48:35.722212,100.0,TIA_USD,0.4537
2026-02-20 10:48:36.130335,100.0,XLM_BTC,2.33e-06
2026-02-20 10:48:36.202344,100.0,TIA_USD,0.4546
2026-02-20 10:48:36.608152,100.0,XLM_BTC,2.33e-06
2026-02-20 10:48:36.680352,100.0,TIA_USD,0.4502
2026-02-20 10:48:37.088275,100.0,XLM_BTC,2.32e-06
2026-02-20 10:48:37.159960,100.0,TIA_USD,0.4516
2026-02-20 10:48:37.571812,100.0,XLM_BTC,2.33e-06
2026-02-20 10:48:37.644161,100.0,TIA_USD,0.4531
2026-02-20 10:48:38.038509,100.0,XLM_BTC,2.33e-06
2026-02-20 10:48:38.110990,100.0,TIA_USD,0.4529
2026-02-20 10:48:38.526684,100.0,XLM_BTC,2.33e-06
2026-02-20 10:48:38.598626,100.0,TIA_USD,0.4502
2026-02-20 10:48:39.000017,100.0,XLM_BTC,2.34e-06
2026-02-20 10:48:39.070194,100.0,TIA_USD,0.4524
2026-02-20 10:48:39.493501,100.0,XLM_BTC,2.34e-06
2026-02-20 10:48:39.565972,100.0,TIA_USD,0.4528
2026-02-20 10:48:39.988495,100.0,XLM_BTC,2.34e-06
2026-02-20 10:48:40.060095,100.0,TIA_USD,0.4545
2026-02-20 10:48:40.468517,100.0,XLM_BTC,2.35e-06
2026-02-20 10:48:40.541299,100.0,TIA_USD,0.4527
2026-02-20 10:48:40.949324,100.0,XLM_BTC,2.35e-06
2026-02-20 10:48:41.021929,100.0,TIA_USD,0.4574
2026-02-20 10:48:41.421617,100.0,XLM_BTC,2.35e-06
2026-02-20 10:48:41.494539,100.0,TIA_USD,0.457
2026-02-20 10:48:41.906521,100.0,XLM_BTC,2.36e-06
2026-02-20 10:48:41.978727,100.0,TIA_USD,0.4622
2026-02-20 10:48:42.373290,100.0,XLM_BTC,2.35e-06
2026-02-20 10:48:42.444922,100.0,TIA_USD,0.457
2026-02-20 10:48:42.858696,100.0,XLM_BTC,2.34e-06
2026-02-20 10:48:42.930001,100.0,TIA_USD,0.4579
2026-02-20 10:48:43.329964,100.0,XLM_BTC,2.34e-06
2026-02-20 10:48:43.402159,100.0,TIA_USD,0.4534
2026-02-20 10:48:43.819878,100.0,XLM_BTC,2.34e-06
2026-02-20 10:48:43.892606,100.0,TIA_USD,0.4501
2026-02-20 10:48:44.303204,100.0,XLM_BTC,2.32e-06
2026-02-20 10:48:44.375653,100.0,TIA_USD,0.4509
2026-02-20 10:48:44.779670,100.0,XLM_BTC,2.33e-06
2026-02-20 10:48:44.851707,100.0,TIA_USD,0.452
2026-02-20 10:48:45.258144,100.0,XLM_BTC,2.33e-06
2026-02-20 10:48:45.329183,100.0,TIA_USD,0.451
2026-02-20 10:48:45.732948,100.0,XLM_BTC,2.33e-06
2026-02-20 10:48:45.804565,100.0,TIA_USD,0.4532
2026-02-20 10:48:46.219999,100.0,XLM_BTC,2.34e-06
2026-02-20 10:48:46.292391,100.0,TIA_USD,0.4537
2026-02-20 10:48:46.698490,100.0,XLM_BTC,2.34e-06
2026-02-20 10:48:46.769868,100.0,TIA_USD,0.4591
2026-02-20 10:48:47.171013,100.0,XLM_BTC,2.35e-06
2026-02-20 10:48:47.243472,100.0,TIA_USD,0.4699
2026-02-20 10:48:47.650060,100.0,XLM_BTC,2.36e-06
2026-02-20 10:48:47.722750,100.0,TIA_USD,0.4642
2026-02-20 10:48:48.132975,100.0,XLM_BTC,2.34e-06
2026-02-20 10:48:48.203567,100.0,TIA_USD,0.4548
2026-02-20 10:48:48.610267,100.0,XLM_BTC,2.35e-06
2026-02-20 10:48:48.681140,100.0,TIA_USD,0.4537
2026-02-20 10:48:49.081390,100.0,XLM_BTC,2.35e-06
2026-02-20 10:48:49.153247,100.0,TIA_USD,0.4441
2026-02-20 10:48:49.559576,100.0,XLM_BTC,2.34e-06
2026-02-20 10:48:49.632111,100.0,TIA_USD,0.4435
2026-02-20 10:48:50.034165,100.0,XLM_BTC,2.34e-06
2026-02-20 10:48:50.106164,100.0,TIA_USD,0.4414
2026-02-20 10:48:50.514321,100.0,XLM_BTC,2.33e-06
2026-02-20 10:48:50.586611,100.0,TIA_USD,0.4406
2026-02-20 10:48:50.998716,100.0,XLM_BTC,2.34e-06
2026-02-20 10:48:51.070524,100.0,TIA_USD,0.4406
2026-02-20 10:48:51.467927,100.0,XLM_BTC,2.35e-06
2026-02-20 10:48:51.539090,100.0,TIA_USD,0.44
2026-02-20 10:48:51.947943,100.0,XLM_BTC,2.33e-06
2026-02-20 10:48:52.019750,100.0,TIA_USD,0.44
2026-02-20 10:48:52.420853,100.0,XLM_BTC,2.33e-06
2026-02-20 10:48:52.492643,100.0,TIA_USD,0.4402
2026-02-20 10:48:52.898045,100.0,XLM_BTC,2.33e-06
2026-02-20 10:48:52.969804,100.0,TIA_USD,0.4384
2026-02-20 10:48:53.380393,100.0,XLM_BTC,2.33e-06
2026-02-20 10:48:53.452157,100.0,TIA_USD,0.4356
2026-02-20 10:48:53.870814,100.0,XLM_BTC,2.32e-06
2026-02-20 10:48:53.942920,100.0,TIA_USD,0.4314
2026-02-20 10:48:54.359172,100.0,XLM_BTC,2.32e-06
2026-02-20 10:48:54.430674,100.0,TIA_USD,0.4345
2026-02-20 10:48:54.840240,100.0,XLM_BTC,2.31e-06
2026-02-20 10:48:54.912969,100.0,TIA_USD,0.4308
2026-02-20 10:48:55.478946,100.0,XLM_BTC,2.32e-06
2026-02-20 10:48:55.550568,100.0,TIA_USD,0.4098
2026-02-20 10:48:55.963608,100.0,XLM_BTC,2.34e-06
2026-02-20 10:48:56.035356,100.0,TIA_USD,0.4164
2026-02-20 10:48:56.447446,100.0,XLM_BTC,2.35e-06
2026-02-20 10:48:56.519669,100.0,TIA_USD,0.4135
2026-02-20 10:48:56.924895,100.0,XLM_BTC,2.35e-06
2026-02-20 10:48:56.996868,100.0,TIA_USD,0.4077
2026-02-20 10:48:57.401647,100.0,XLM_BTC,2.35e-06
2026-02-20 10:48:57.472887,100.0,TIA_USD,0.4107
2026-02-20 10:48:57.877712,100.0,XLM_BTC,2.35e-06
2026-02-20 10:48:57.949601,100.0,TIA_USD,0.4119
2026-02-20 10:48:58.359935,100.0,XLM_BTC,2.36e-06
2026-02-20 10:48:58.432151,100.0,TIA_USD,0.4134
2026-02-20 10:48:58.868186,100.0,XLM_BTC,2.35e-06
2026-02-20 10:48:58.940071,100.0,TIA_USD,0.4114
2026-02-20 10:48:59.356973,100.0,XLM_BTC,2.35e-06
2026-02-20 10:48:59.429727,100.0,TIA_USD,0.4099
2026-02-20 10:48:59.867578,100.0,XLM_BTC,2.36e-06
2026-02-20 10:48:59.939472,100.0,TIA_USD,0.4139
2026-02-20 10:49:00.352606,100.0,XLM_BTC,2.37e-06
2026-02-20 10:49:00.423756,100.0,TIA_USD,0.4067
2026-02-20 10:49:00.842614,100.0,XLM_BTC,2.36e-06
2026-02-20 10:49:00.913842,100.0,TIA_USD,0.4049
2026-02-20 10:49:01.325353,100.0,XLM_BTC,2.34e-06
2026-02-20 10:49:01.396899,100.0,TIA_USD,0.402
2026-02-20 10:49:01.796849,100.0,XLM_BTC,2.35e-06
2026-02-20 10:49:01.868574,100.0,TIA_USD,0.4096
2026-02-20 10:49:02.292169,100.0,XLM_BTC,2.34e-06
2026-02-20 10:49:02.364127,100.0,TIA_USD,0.4052
2026-02-20 10:49:02.763122,100.0,XLM_BTC,2.33e-06
2026-02-20 10:49:02.835119,100.0,TIA_USD,0.3969
2026-02-20 10:49:03.250463,100.0,XLM_BTC,2.34e-06
2026-02-20 10:49:03.335728,100.0,TIA_USD,0.4058
2026-02-20 10:49:03.737748,100.0,XLM_BTC,2.34e-06
2026-02-20 10:49:03.810431,100.0,TIA_USD,0.4043
2026-02-20 10:49:04.217740,100.0,XLM_BTC,2.33e-06
2026-02-20 10:49:04.289729,100.0,TIA_USD,0.4056
2026-02-20 10:49:04.701682,100.0,XLM_BTC,2.34e-06
2026-02-20 10:49:04.773978,100.0,TIA_USD,0.4053
2026-02-20 10:49:05.179794,100.0,XLM_BTC,2.33e-06
2026-02-20 10:49:05.252604,100.0,TIA_USD,0.4093
2026-02-20 10:49:05.677769,100.0,XLM_BTC,2.34e-06
2026-02-20 10:49:05.749501,100.0,TIA_USD,0.4117
2026-02-20 10:49:06.311893,100.0,XLM_BTC,2.32e-06
2026-02-20 10:49:06.385725,100.0,TIA_USD,0.4084
2026-02-20 10:49:06.846814,100.0,XLM_BTC,2.33e-06
2026-02-20 10:49:06.920291,100.0,TIA_USD,0.4124
2026-02-20 10:49:07.333451,100.0,XLM_BTC,2.33e-06
2026-02-20 10:49:07.406098,100.0,TIA_USD,0.4129
2026-02-20 10:49:07.873492,100.0,XLM_BTC,2.32e-06
2026-02-20 10:49:07.970780,100.0,TIA_USD,0.4125
2026-02-20 10:49:08.403389,100.0,XLM_BTC,2.32e-06
2026-02-20 10:49:08.483342,100.0,TIA_USD,0.4109
2026-02-20 10:49:08.920348,100.0,XLM_BTC,2.32e-06
2026-02-20 10:49:09.003273,100.0,TIA_USD,0.415
2026-02-20 10:49:09.423644,100.0,XLM_BTC,2.31e-06
2026-02-20 10:49:09.502083,100.0,TIA_USD,0.4138
2026-02-20 10:49:09.918076,100.0,XLM_BTC,2.29e-06
2026-02-20 10:49:09.998184,100.0,TIA_USD,0.409
2026-02-20 10:49:10.428201,100.0,XLM_BTC,2.28e-06
2026-02-20 10:49:10.506326,100.0,TIA_USD,0.4076
2026-02-20 10:49:10.918763,100.0,XLM_BTC,2.29e-06
2026-02-20 10:49:10.996320,100.0,TIA_USD,0.4077
2026-02-20 10:49:11.421648,100.0,XLM_BTC,2.28e-06
2026-02-20 10:49:11.501514,100.0,TIA_USD,0.406
2026-02-20 10:49:11.919017,100.0,XLM_BTC,2.27e-06
2026-02-20 10:49:11.998322,100.0,TIA_USD,0.4049
2026-02-20 10:49:12.422372,100.0,XLM_BTC,2.28e-06
2026-02-20 10:49:12.498764,100.0,TIA_USD,0.4036
2026-02-20 10:49:12.924958,100.0,XLM_BTC,2.28e-06
2026-02-20 10:49:13.005362,100.0,TIA_USD,0.4054
2026-02-20 10:49:13.411930,100.0,XLM_BTC,2.28e-06
2026-02-20 10:49:13.489179,100.0,TIA_USD,0.4031
2026-02-20 10:49:13.921232,100.0,XLM_BTC,2.28e-06
2026-02-20 10:49:13.997953,100.0,TIA_USD,0.401
2026-02-20 10:49:14.405383,100.0,XLM_BTC,2.27e-06
2026-02-20 10:49:14.482694,100.0,TIA_USD,0.4025
2026-02-20 10:49:14.906069,100.0,XLM_BTC,2.26e-06
2026-02-20 10:49:14.982839,100.0,TIA_USD,0.3969
2026-02-20 10:49:15.440391,100.0,XLM_BTC,2.27e-06
2026-02-20 10:49:15.527125,100.0,TIA_USD,0.3995
2026-02-20 10:49:15.946689,100.0,XLM_BTC,2.24e-06
2026-02-20 10:49:16.023369,100.0,TIA_USD,0.3878
2026-02-20 10:49:16.464161,100.0,XLM_BTC,2.25e-06
2026-02-20 10:49:16.540517,100.0,TIA_USD,0.3908
2026-02-20 10:49:16.950744,100.0,XLM_BTC,2.25e-06
2026-02-20 10:49:17.029208,100.0,TIA_USD,0.3907
2026-02-20 10:49:17.447289,100.0,XLM_BTC,2.24e-06
2026-02-20 10:49:17.526172,100.0,TIA_USD,0.389
2026-02-20 10:49:17.929859,100.0,XLM_BTC,2.23e-06
2026-02-20 10:49:18.006867,100.0,TIA_USD,0.3868
2026-02-20 10:49:18.424443,100.0,XLM_BTC,2.21e-06
2026-02-20 10:49:18.501519,100.0,TIA_USD,0.3834
2026-02-20 10:49:18.914887,100.0,XLM_BTC,2.19e-06
2026-02-20 10:49:18.991462,100.0,TIA_USD,0.3652
2026-02-20 10:49:19.409616,100.0,XLM_BTC,2.22e-06
2026-02-20 10:49:19.489559,100.0,TIA_USD,0.3727
2026-02-20 10:49:19.905819,100.0,XLM_BTC,2.21e-06
2026-02-20 10:49:19.983782,100.0,TIA_USD,0.3696
2026-02-20 10:49:20.400123,100.0,XLM_BTC,2.17e-06
2026-02-20 10:49:20.478461,100.0,TIA_USD,0.3522
2026-02-20 10:49:20.902806,100.0,XLM_BTC,2.22e-06
2026-02-20 10:49:20.979406,100.0,TIA_USD,0.3518
2026-02-20 10:49:21.391680,100.0,XLM_BTC,2.24e-06
2026-02-20 10:49:21.469231,100.0,TIA_USD,0.3552
2026-02-20 10:49:21.884531,100.0,XLM_BTC,2.25e-06
2026-02-20 10:49:21.962785,100.0,TIA_USD,0.3586
2026-02-20 10:49:22.369882,100.0,XLM_BTC,2.26e-06
2026-02-20 10:49:22.446685,100.0,TIA_USD,0.3669
2026-02-20 10:49:22.868260,100.0,XLM_BTC,2.26e-06
2026-02-20 10:49:22.944576,100.0,TIA_USD,0.3637
2026-02-20 10:49:23.378176,100.0,XLM_BTC,2.29e-06
2026-02-20 10:49:23.454228,100.0,TIA_USD,0.37
2026-02-20 10:49:23.853306,100.0,XLM_BTC,2.3e-06
2026-02-20 10:49:23.917659,100.0,TIA_USD,0.3721
2026-02-20 10:49:24.342203,100.0,XLM_BTC,2.3e-06
2026-02-20 10:49:24.419613,100.0,TIA_USD,0.3721
2026-02-20 10:49:24.821061,100.0,XLM_BTC,2.3e-06
2026-02-20 10:49:24.896983,100.0,TIA_USD,0.3721
2026-02-20 10:49:25.323376,100.0,XLM_BTC,2.3e-06
2026-02-20 10:49:25.399567,100.0,TIA_USD,0.3721
2026-02-20 10:49:25.803603,100.0,XLM_BTC,2.3e-06
2026-02-20 10:49:25.880310,100.0,TIA_USD,0.3721
2026-02-20 10:49:26.305120,100.0,XLM_BTC,2.3e-06
2026-02-20 10:49:26.381717,100.0,TIA_USD,0.3721
2026-02-20 10:49:26.799275,100.0,XLM_BTC,2.3e-06
2026-02-20 10:49:26.877328,100.0,TIA_USD,0.3721
2026-02-20 10:49:27.298403,100.0,XLM_BTC,2.3e-06
2026-02-20 10:49:27.375373,100.0,TIA_USD,0.3721
2026-02-20 10:49:27.806726,100.0,XLM_BTC,2.3e-06
2026-02-20 10:49:27.886201,100.0,TIA_USD,0.3721
2026-02-20 10:49:28.302937,100.0,XLM_BTC,2.3e-06
2026-02-20 10:49:28.379269,100.0,TIA_USD,0.3721
2026-02-20 10:49:28.799851,100.0,XLM_BTC,2.3e-06
2026-02-20 10:49:28.876635,100.0,TIA_USD,0.3721
2026-02-20 10:49:29.290567,100.0,XLM_BTC,2.3e-06
2026-02-20 10:49:29.367990,100.0,TIA_USD,0.3721
2026-02-20 10:49:29.784517,100.0,XLM_BTC,2.3e-06
2026-02-20 10:49:29.860181,100.0,TIA_USD,0.3721
2026-02-20 10:49:30.268137,100.0,XLM_BTC,2.3e-06
2026-02-20 10:49:30.347046,100.0,TIA_USD,0.3721
2026-02-20 10:49:30.765244,100.0,XLM_BTC,2.3e-06
2026-02-20 10:49:30.842197,100.0,TIA_USD,0.3721
2026-02-20 10:49:31.266816,100.0,XLM_BTC,2.3e-06
2026-02-20 10:49:31.343679,100.0,TIA_USD,0.3721
2026-02-20 10:49:31.748939,100.0,XLM_BTC,2.3e-06
2026-02-20 10:49:31.825676,100.0,TIA_USD,0.3721
2026-02-20 10:49:32.296874,100.0,XLM_BTC,2.3e-06
2026-02-20 10:49:32.375200,100.0,TIA_USD,0.3721
2026-02-20 10:49:32.784602,100.0,XLM_BTC,2.3e-06
2026-02-20 10:49:32.873803,100.0,TIA_USD,0.3721
2026-02-20 10:49:33.300204,100.0,XLM_BTC,2.3e-06
2026-02-20 10:49:33.380304,100.0,TIA_USD,0.3721
2026-02-20 10:49:33.832386,100.0,XLM_BTC,2.3e-06
2026-02-20 10:49:33.910119,100.0,TIA_USD,0.3721
2026-02-20 10:49:34.325789,100.0,XLM_BTC,2.3e-06
2026-02-20 10:49:34.403328,100.0,TIA_USD,0.3721
2026-02-20 10:49:34.814356,100.0,XLM_BTC,2.3e-06
2026-02-20 10:49:34.891745,100.0,TIA_USD,0.3721
2026-02-20 10:50:19.288046,100.0,SPELL_USD,0.0001911
2026-02-20 10:50:19.704307,100.0,SPELL_USD,0.0001897
2026-02-20 10:50:20.121407,100.0,SPELL_USD,0.0001898
2026-02-20 10:50:20.546827,100.0,SPELL_USD,0.0001927
2026-02-20 10:50:20.947694,100.0,SPELL_USD,0.0001922
2026-02-20 10:50:21.367040,100.0,SPELL_USD,0.0001923
2026-02-20 10:50:21.770168,100.0,SPELL_USD,0.0001936
2026-02-20 10:50:22.201634,100.0,SPELL_USD,0.0001946
2026-02-20 10:50:22.654806,100.0,SPELL_USD,0.0001943
2026-02-20 10:50:23.161416,100.0,SPELL_USD,0.0001967
2026-02-20 10:50:23.616924,100.0,SPELL_USD,0.0001952
2026-02-20 10:50:24.074647,100.0,SPELL_USD,0.0001957
2026-02-20 10:50:24.542697,100.0,SPELL_USD,0.0001952
2026-02-20 10:50:25.007248,100.0,SPELL_USD,0.0001946
2026-02-20 10:50:25.467129,100.0,SPELL_USD,0.0001946
2026-02-20 10:50:25.924200,100.0,SPELL_USD,0.0001941
2026-02-20 10:50:26.380533,100.0,SPELL_USD,0.000195
2026-02-20 10:50:26.847895,100.0,SPELL_USD,0.0001944
2026-02-20 10:50:27.294062,100.0,SPELL_USD,0.0001941
2026-02-20 10:50:27.764979,100.0,SPELL_USD,0.0001941
2026-02-20 10:50:28.221168,100.0,SPELL_USD,0.0001932
2026-02-20 10:50:28.706398,100.0,SPELL_USD,0.0001931
2026-02-20 10:50:29.166789,100.0,SPELL_USD,0.0001929
2026-02-20 10:50:29.624985,100.0,SPELL_USD,0.0001943
2026-02-20 10:50:30.087634,100.0,SPELL_USD,0.0001933
2026-02-20 10:50:30.542451,100.0,SPELL_USD,0.0001935
2026-02-20 10:50:31.029668,100.0,SPELL_USD,0.0001953
2026-02-20 10:50:31.502467,100.0,SPELL_USD,0.0001942
2026-02-20 10:50:31.980905,100.0,SPELL_USD,0.0001942
2026-02-20 10:50:32.432179,100.0,SPELL_USD,0.0001947
2026-02-20 10:50:32.910215,100.0,SPELL_USD,0.0001927
2026-02-20 10:50:33.377062,100.0,SPELL_USD,0.000191
2026-02-20 10:50:33.832804,100.0,SPELL_USD,0.0001906
2026-02-20 10:50:34.296329,100.0,SPELL_USD,0.0001916
2026-02-20 10:50:34.744745,100.0,SPELL_USD,0.0001917
2026-02-20 10:50:35.224999,100.0,SPELL_USD,0.0001896
2026-02-20 10:50:35.681525,100.0,SPELL_USD,0.0001893
2026-02-20 10:50:36.161470,100.0,SPELL_USD,0.00019
2026-02-20 10:50:36.623486,100.0,SPELL_USD,0.0001909
2026-02-20 10:50:37.083759,100.0,SPELL_USD,0.0001893
2026-02-20 10:50:37.550751,100.0,SPELL_USD,0.00019
2026-02-20 10:50:37.999508,100.0,SPELL_USD,0.0001921
2026-02-20 10:50:38.477436,100.0,SPELL_USD,0.0001929
2026-02-20 10:50:38.957276,100.0,SPELL_USD,0.0001923
2026-02-20 10:50:39.420421,100.0,SPELL_USD,0.0001935
2026-02-20 10:50:39.880505,100.0,SPELL_USD,0.0001924
2026-02-20 10:50:40.344481,100.0,SPELL_USD,0.0001912
2026-02-20 10:50:40.811598,100.0,SPELL_USD,0.0001896
2026-02-20 10:50:41.275749,100.0,SPELL_USD,0.0001873
2026-02-20 10:50:41.751766,100.0,SPELL_USD,0.000185
2026-02-20 10:50:42.207497,100.0,SPELL_USD,0.0001858
2026-02-20 10:50:42.688228,100.0,SPELL_USD,0.0001866
2026-02-20 10:50:43.148316,100.0,SPELL_USD,0.0001864
2026-02-20 10:50:43.602329,100.0,SPELL_USD,0.0001866
2026-02-20 10:50:44.079034,100.0,SPELL_USD,0.000188
2026-02-20 10:50:44.530655,100.0,SPELL_USD,0.0001893
2026-02-20 10:50:44.991936,100.0,SPELL_USD,0.0001908
2026-02-20 10:50:45.450963,100.0,SPELL_USD,0.00019
2026-02-20 10:50:45.900584,100.0,SPELL_USD,0.0001918
2026-02-20 10:50:46.371123,100.0,SPELL_USD,0.0001906
2026-02-20 10:50:46.815397,100.0,SPELL_USD,0.0001885
2026-02-20 10:50:47.294938,100.0,SPELL_USD,0.0001898
2026-02-20 10:50:47.762606,100.0,SPELL_USD,0.000189
2026-02-20 10:50:48.233614,100.0,SPELL_USD,0.0001887
2026-02-20 10:50:48.690035,100.0,SPELL_USD,0.0001891
2026-02-20 10:50:49.159187,100.0,SPELL_USD,0.0001881
2026-02-20 10:50:49.609320,100.0,SPELL_USD,0.0001859
2026-02-20 10:50:50.073164,100.0,SPELL_USD,0.000187
2026-02-20 10:50:50.564173,100.0,SPELL_USD,0.0001863
2026-02-20 10:50:51.035187,100.0,SPELL_USD,0.0001847
2026-02-20 10:50:51.527960,100.0,SPELL_USD,0.0001853
2026-02-20 10:50:51.982281,100.0,SPELL_USD,0.0001861
2026-02-20 10:50:52.496214,100.0,SPELL_USD,0.0001857
2026-02-20 10:50:52.943470,100.0,SPELL_USD,0.0001855
2026-02-20 10:50:53.441287,100.0,SPELL_USD,0.0001855
2026-02-20 10:50:53.904726,100.0,SPELL_USD,0.0001846
2026-02-20 10:50:54.409467,100.0,SPELL_USD,0.0001851
2026-02-20 10:50:55.054662,100.0,SPELL_USD,0.0001847
2026-02-20 10:50:55.619466,100.0,SPELL_USD,0.0001866
2026-02-20 10:50:56.102081,100.0,SPELL_USD,0.0001872
2026-02-20 10:50:56.589370,100.0,SPELL_USD,0.0001876
2026-02-20 10:50:57.088446,100.0,SPELL_USD,0.0001849
2026-02-20 10:50:57.566747,100.0,SPELL_USD,0.0001866
2026-02-20 10:50:58.074776,100.0,SPELL_USD,0.0001858
2026-02-20 10:50:58.558999,100.0,SPELL_USD,0.0001853
2026-02-20 10:50:59.014429,100.0,SPELL_USD,0.0001862
2026-02-20 10:50:59.542567,100.0,SPELL_USD,0.0001854
2026-02-20 10:51:00.008033,100.0,SPELL_USD,0.0001851
2026-02-20 10:51:00.483392,100.0,SPELL_USD,0.0001852
2026-02-20 10:51:00.984204,100.0,SPELL_USD,0.0001847
2026-02-20 10:51:01.452870,100.0,SPELL_USD,0.000185
2026-02-20 10:51:01.934238,100.0,SPELL_USD,0.0001824
2026-02-20 10:51:02.421320,100.0,SPELL_USD,0.000182
2026-02-20 10:51:02.905760,100.0,SPELL_USD,0.0001799
2026-02-20 10:51:03.389444,100.0,SPELL_USD,0.0001801
2026-02-20 10:51:03.886079,100.0,SPELL_USD,0.0001806
2026-02-20 10:51:04.350348,100.0,SPELL_USD,0.00018
2026-02-20 10:51:04.815817,100.0,SPELL_USD,0.0001797
2026-02-20 10:51:05.276120,100.0,SPELL_USD,0.0001805
2026-02-20 10:51:05.754528,100.0,SPELL_USD,0.0001803
2026-02-20 10:51:06.224992,100.0,SPELL_USD,0.0001822
2026-02-20 10:51:06.720673,100.0,SPELL_USD,0.000181
2026-02-20 10:51:07.199695,100.0,SPELL_USD,0.0001804
2026-02-20 10:51:07.658721,100.0,SPELL_USD,0.0001805
2026-02-20 10:51:08.118904,100.0,SPELL_USD,0.0001822
2026-02-20 10:51:08.597723,100.0,SPELL_USD,0.000184
2026-02-20 10:51:09.056614,100.0,SPELL_USD,0.0001827
2026-02-20 10:51:09.522919,100.0,SPELL_USD,0.0001827
2026-02-20 10:51:09.976667,100.0,SPELL_USD,0.0001845
2026-02-20 10:51:10.433153,100.0,SPELL_USD,0.0001851
2026-02-20 10:51:10.884117,100.0,SPELL_USD,0.0001832
2026-02-20 10:51:11.350294,100.0,SPELL_USD,0.000186
2026-02-20 10:51:11.809770,100.0,SPELL_USD,0.0001863
2026-02-20 10:51:12.273186,100.0,SPELL_USD,0.0001859
2026-02-20 10:51:12.736755,100.0,SPELL_USD,0.0001861
2026-02-20 10:51:13.200031,100.0,SPELL_USD,0.0001862
2026-02-20 10:51:13.668753,100.0,SPELL_USD,0.000187
2026-02-20 10:51:14.124358,100.0,SPELL_USD,0.0001892
2026-02-20 10:51:14.618806,100.0,SPELL_USD,0.0001885
2026-02-20 10:51:15.087208,100.0,SPELL_USD,0.0001872
2026-02-20 10:51:15.556876,100.0,SPELL_USD,0.0001889
2026-02-20 10:51:16.039074,100.0,SPELL_USD,0.0001891
2026-02-20 10:51:16.497532,100.0,SPELL_USD,0.0001894
2026-02-20 10:51:16.978197,100.0,SPELL_USD,0.0001878
2026-02-20 10:51:17.443178,100.0,SPELL_USD,0.0001883
2026-02-20 10:51:17.909494,100.0,SPELL_USD,0.0001875
2026-02-20 10:51:18.377932,100.0,SPELL_USD,0.0001865
2026-02-20 10:51:18.827046,100.0,SPELL_USD,0.0001839
2026-02-20 10:51:19.281219,100.0,SPELL_USD,0.000184
2026-02-20 10:51:19.745057,100.0,SPELL_USD,0.0001839
2026-02-20 10:51:20.211387,100.0,SPELL_USD,0.0001851
2026-02-20 10:51:20.661036,100.0,SPELL_USD,0.0001837
2026-02-20 10:51:21.160207,100.0,SPELL_USD,0.000184
2026-02-20 10:51:21.581215,100.0,SPELL_USD,0.000185
2026-02-20 10:51:22.008046,100.0,SPELL_USD,0.0001852
2026-02-20 10:51:22.458330,100.0,SPELL_USD,0.0001854
2026-02-20 10:51:22.897533,100.0,SPELL_USD,0.000185
2026-02-20 10:51:23.320861,100.0,SPELL_USD,0.0001849
2026-02-20 10:51:23.730983,100.0,SPELL_USD,0.000184
2026-02-20 10:51:24.151063,100.0,SPELL_USD,0.0001834
2026-02-20 10:51:24.558696,100.0,SPELL_USD,0.0001831
2026-02-20 10:51:24.981482,100.0,SPELL_USD,0.0001828
2026-02-20 10:51:25.392561,100.0,SPELL_USD,0.0001837
2026-02-20 10:51:25.803542,100.0,SPELL_USD,0.000185
2026-02-20 10:51:26.237162,100.0,SPELL_USD,0.0001845
2026-02-20 10:51:26.649854,100.0,SPELL_USD,0.0001866
2026-02-20 10:51:27.070287,100.0,SPELL_USD,0.0001854
2026-02-20 10:51:27.484260,100.0,SPELL_USD,0.0001848
2026-02-20 10:51:27.894686,100.0,SPELL_USD,0.0001853
2026-02-20 10:51:28.331082,100.0,SPELL_USD,0.0001864
2026-02-20 10:51:28.763655,100.0,SPELL_USD,0.0001878
2026-02-20 10:51:29.188115,100.0,SPELL_USD,0.0001891
2026-02-20 10:51:29.597880,100.0,SPELL_USD,0.0001895
2026-02-20 10:51:30.013851,100.0,SPELL_USD,0.0001894
2026-02-20 10:51:30.416845,100.0,SPELL_USD,0.0001888
2026-02-20 10:51:30.838429,100.0,SPELL_USD,0.0001884
2026-02-20 10:51:31.251514,100.0,SPELL_USD,0.0001885
2026-02-20 10:51:31.669821,100.0,SPELL_USD,0.0001886
2026-02-20 10:51:32.095820,100.0,SPELL_USD,0.0001886
2026-02-20 10:51:32.502444,100.0,SPELL_USD,0.0001902
2026-02-20 10:51:32.925239,100.0,SPELL_USD,0.0001905
2026-02-20 10:51:33.335271,100.0,SPELL_USD,0.0001906
2026-02-20 10:51:33.775547,100.0,SPELL_USD,0.0001909
2026-02-20 10:51:34.198255,100.0,SPELL_USD,0.0001908
2026-02-20 10:51:34.608732,100.0,SPELL_USD,0.0001908
2026-02-20 10:51:35.028464,100.0,SPELL_USD,0.000191
2026-02-20 10:51:35.442899,100.0,SPELL_USD,0.0001908
2026-02-20 10:51:35.868934,100.0,SPELL_USD,0.0001916
2026-02-20 10:51:36.275173,100.0,SPELL_USD,0.0001915
2026-02-20 10:51:36.692809,100.0,SPELL_USD,0.000191
2026-02-20 10:51:37.114184,100.0,SPELL_USD,0.0001929
2026-02-20 10:51:37.532110,100.0,SPELL_USD,0.0001921
2026-02-20 10:51:37.944541,100.0,SPELL_USD,0.0001918
2026-02-20 10:51:38.361896,100.0,SPELL_USD,0.0001931
2026-02-20 10:51:38.788127,100.0,SPELL_USD,0.0001933
2026-02-20 10:51:39.195351,100.0,SPELL_USD,0.0001945
2026-02-20 10:51:39.619426,100.0,SPELL_USD,0.0001963
2026-02-20 10:51:40.028568,100.0,SPELL_USD,0.0001983
2026-02-20 10:51:40.443231,100.0,SPELL_USD,0.0001978
2026-02-20 10:51:40.861035,100.0,SPELL_USD,0.0001967
2026-02-20 10:51:41.267108,100.0,SPELL_USD,0.000197
2026-02-20 10:51:41.685679,100.0,SPELL_USD,0.0001983
2026-02-20 10:51:42.094694,100.0,SPELL_USD,0.0001985
2026-02-20 10:51:42.511631,100.0,SPELL_USD,0.0001974
2026-02-20 10:51:42.918988,100.0,SPELL_USD,0.0001983
2026-02-20 10:51:43.336744,100.0,SPELL_USD,0.0001964
2026-02-20 10:51:43.749216,100.0,SPELL_USD,0.0001958
2026-02-20 10:51:44.162947,100.0,SPELL_USD,0.0001972
2026-02-20 10:51:44.597308,100.0,SPELL_USD,0.0001971
2026-02-20 10:51:45.010722,100.0,SPELL_USD,0.0001968
2026-02-20 10:51:45.433785,100.0,SPELL_USD,0.0001981
2026-02-20 10:51:45.849372,100.0,SPELL_USD,0.0001963
2026-02-20 10:51:46.266898,100.0,SPELL_USD,0.0001967
2026-02-20 10:51:46.680083,100.0,SPELL_USD,0.000195
2026-02-20 10:51:47.100443,100.0,SPELL_USD,0.0001941
2026-02-20 10:51:47.513215,100.0,AST_USD,0.0101
2026-02-20 10:51:47.590779,100.0,SPELL_USD,0.0001907
2026-02-20 10:51:48.002857,100.0,AST_USD,0.0103
2026-02-20 10:51:48.080627,100.0,SPELL_USD,0.0001895
2026-02-20 10:51:48.501773,100.0,AST_USD,0.0106
2026-02-20 10:51:48.580134,100.0,SPELL_USD,0.0001896
2026-02-20 10:51:48.985732,100.0,AST_USD,0.0103
2026-02-20 10:51:49.063479,100.0,SPELL_USD,0.0001898
2026-02-20 10:51:49.493146,100.0,AST_USD,0.0104
2026-02-20 10:51:49.570624,100.0,SAPIEN_USD,0.08613
2026-02-20 10:51:49.650192,100.0,SPELL_USD,0.0001923
2026-02-20 10:51:50.062447,100.0,AST_USD,0.0105
2026-02-20 10:51:50.139479,100.0,SAPIEN_USD,0.08423
2026-02-20 10:51:50.217528,100.0,SPELL_USD,0.0001893
2026-02-20 10:51:50.634258,100.0,AST_USD,0.0106
2026-02-20 10:51:50.712576,100.0,SAPIEN_USD,0.08457
2026-02-20 10:51:50.789579,100.0,SPELL_USD,0.0001895
2026-02-20 10:51:51.203353,100.0,AST_USD,0.0108
2026-02-20 10:51:51.280743,100.0,SAPIEN_USD,0.08402
2026-02-20 10:51:51.358061,100.0,SPELL_USD,0.0001882
2026-02-20 10:51:51.768775,100.0,AST_USD,0.0102
2026-02-20 10:51:51.845736,100.0,SAPIEN_USD,0.08492
2026-02-20 10:51:51.921975,100.0,SPELL_USD,0.0001888
2026-02-20 10:51:52.343466,100.0,AST_USD,0.0097
2026-02-20 10:51:52.427687,100.0,SAPIEN_USD,0.0853
2026-02-20 10:51:52.508539,100.0,SPELL_USD,0.0001904
2026-02-20 10:51:52.921662,100.0,AST_USD,0.0101
2026-02-20 10:51:52.998076,100.0,SAPIEN_USD,0.08483
2026-02-20 10:51:53.077589,100.0,SPELL_USD,0.0001914
2026-02-20 10:51:53.495060,100.0,AST_USD,0.0099
2026-02-20 10:51:53.573812,100.0,SAPIEN_USD,0.08479
2026-02-20 10:51:53.653914,100.0,SPELL_USD,0.0001905
2026-02-20 10:51:54.076950,100.0,AST_USD,0.0098
2026-02-20 10:51:54.152194,100.0,SAPIEN_USD,0.08473
2026-02-20 10:51:54.228716,100.0,SPELL_USD,0.0001902
2026-02-20 10:51:54.663713,100.0,AST_USD,0.0098
2026-02-20 10:51:54.740910,100.0,SAPIEN_USD,0.08428
2026-02-20 10:51:54.820462,100.0,SPELL_USD,0.0001895
2026-02-20 10:51:55.228214,100.0,AST_USD,0.0098
2026-02-20 10:51:55.304832,100.0,SAPIEN_USD,0.08442
2026-02-20 10:51:55.382824,100.0,SPELL_USD,0.0001902
2026-02-20 10:51:55.794495,100.0,AST_USD,0.0095
2026-02-20 10:51:55.873954,100.0,SAPIEN_USD,0.08513
2026-02-20 10:51:55.951278,100.0,SPELL_USD,0.0001902
2026-02-20 10:51:56.371429,100.0,AST_USD,0.0095
2026-02-20 10:51:56.449911,100.0,SAPIEN_USD,0.08508
2026-02-20 10:51:56.527239,100.0,SPELL_USD,0.000191
2026-02-20 10:51:56.934968,100.0,AST_USD,0.0095
2026-02-20 10:51:57.012217,100.0,SAPIEN_USD,0.08465
2026-02-20 10:51:57.089095,100.0,SPELL_USD,0.0001889
2026-02-20 10:51:57.514338,100.0,AST_USD,0.0094
2026-02-20 10:51:57.591914,100.0,SAPIEN_USD,0.08498
2026-02-20 10:51:57.670151,100.0,SPELL_USD,0.0001889
2026-02-20 10:51:58.086590,100.0,AST_USD,0.0095
2026-02-20 10:51:58.161615,100.0,SAPIEN_USD,0.08513
2026-02-20 10:51:58.238967,100.0,SPELL_USD,0.0001892
2026-02-20 10:51:58.654243,100.0,AST_USD,0.0095
2026-02-20 10:51:58.730104,100.0,SAPIEN_USD,0.08569
2026-02-20 10:51:58.808146,100.0,SPELL_USD,0.0001905
2026-02-20 10:51:59.220696,100.0,AST_USD,0.0094
2026-02-20 10:51:59.295369,100.0,SAPIEN_USD,0.08654
2026-02-20 10:51:59.372271,100.0,SPELL_USD,0.0001914
2026-02-20 10:51:59.789693,100.0,AST_USD,0.0093
2026-02-20 10:51:59.867510,100.0,SAPIEN_USD,0.08683
2026-02-20 10:51:59.945496,100.0,SPELL_USD,0.000191
2026-02-20 10:52:00.363775,100.0,AST_USD,0.0095
2026-02-20 10:52:00.440248,100.0,SAPIEN_USD,0.08715
2026-02-20 10:52:00.517131,100.0,SPELL_USD,0.0001911
2026-02-20 10:52:00.923637,100.0,AST_USD,0.0095
2026-02-20 10:52:01.000327,100.0,SAPIEN_USD,0.09064
2026-02-20 10:52:01.078184,100.0,SPELL_USD,0.0001922
2026-02-20 10:52:01.495652,100.0,AST_USD,0.0095
2026-02-20 10:52:01.572524,100.0,SAPIEN_USD,0.0905
2026-02-20 10:52:01.648708,100.0,SPELL_USD,0.0001916
2026-02-20 10:52:02.057563,100.0,AST_USD,0.0101
2026-02-20 10:52:02.133687,100.0,SAPIEN_USD,0.09036
2026-02-20 10:52:02.212157,100.0,SPELL_USD,0.000195
2026-02-20 10:52:02.621009,100.0,AST_USD,0.0097
2026-02-20 10:52:02.698460,100.0,SAPIEN_USD,0.0874
2026-02-20 10:52:02.777634,100.0,SPELL_USD,0.0001937
2026-02-20 10:52:03.188276,100.0,AST_USD,0.0095
2026-02-20 10:52:03.265686,100.0,SAPIEN_USD,0.0877
2026-02-20 10:52:03.342044,100.0,SPELL_USD,0.0001945
2026-02-20 10:52:03.755343,100.0,AST_USD,0.0097
2026-02-20 10:52:03.831526,100.0,SAPIEN_USD,0.08767
2026-02-20 10:52:03.909381,100.0,SPELL_USD,0.0001921
2026-02-20 10:52:04.331095,100.0,AVAX_EUR,7.7
2026-02-20 10:52:04.408234,100.0,AST_USD,0.0096
2026-02-20 10:52:04.487196,100.0,SAPIEN_USD,0.08702
2026-02-20 10:52:04.564190,100.0,SPELL_USD,0.0001903
2026-02-20 10:52:04.966478,100.0,SYND_USD,0.0255
2026-02-20 10:52:05.043286,100.0,AVAX_EUR,7.72
2026-02-20 10:52:05.120960,100.0,AST_USD,0.0099
2026-02-20 10:52:05.197330,100.0,SAPIEN_USD,0.08748
2026-02-20 10:52:05.273944,100.0,SPELL_USD,0.0001918
2026-02-20 10:52:05.691311,100.0,SYND_USD,0.0265
2026-02-20 10:52:05.767946,100.0,AVAX_EUR,7.74
2026-02-20 10:52:05.844795,100.0,AST_USD,0.0092
2026-02-20 10:52:05.924175,100.0,SAPIEN_USD,0.08739
2026-02-20 10:52:06.001224,100.0,SPELL_USD,0.0001929
2026-02-20 10:52:06.411494,100.0,SYND_USD,0.0264
2026-02-20 10:52:06.487929,100.0,AVAX_EUR,7.79
2026-02-20 10:52:06.570080,100.0,AST_USD,0.0096
2026-02-20 10:52:06.669151,100.0,SAPIEN_USD,0.08877
2026-02-20 10:52:06.783601,100.0,SPELL_USD,0.0001937
2026-02-20 10:52:07.332344,100.0,SYND_USD,0.0259
2026-02-20 10:52:07.410425,100.0,AVAX_EUR,7.81
2026-02-20 10:52:07.486038,100.0,AST_USD,0.0094
2026-02-20 10:52:07.562378,100.0,SAPIEN_USD,0.08859
2026-02-20 10:52:07.640233,100.0,SPELL_USD,0.0001936
2026-02-20 10:52:08.054786,100.0,SYND_USD,0.0258
2026-02-20 10:52:08.131809,100.0,AVAX_EUR,7.81
2026-02-20 10:52:08.210624,100.0,AST_USD,0.0095
2026-02-20 10:52:08.286627,100.0,SAPIEN_USD,0.0885
2026-02-20 10:52:08.363140,100.0,SPELL_USD,0.0001936
2026-02-20 10:52:08.772781,100.0,SYND_USD,0.0251
2026-02-20 10:52:08.850034,100.0,AVAX_EUR,7.8
2026-02-20 10:52:08.927717,100.0,AST_USD,0.0098
2026-02-20 10:52:09.004491,100.0,SAPIEN_USD,0.08775
2026-02-20 10:52:09.080601,100.0,SPELL_USD,0.0001933
2026-02-20 10:52:09.504366,100.0,SYND_USD,0.0251
2026-02-20 10:52:09.579600,100.0,AVAX_EUR,7.8
2026-02-20 10:52:09.656419,100.0,AST_USD,0.0098
2026-02-20 10:52:09.732822,100.0,SAPIEN_USD,0.08773
2026-02-20 10:52:09.809331,100.0,SPELL_USD,0.0001929
2026-02-20 10:52:10.212049,100.0,SYND_USD,0.0252
2026-02-20 10:52:10.289125,100.0,AVAX_EUR,7.83
2026-02-20 10:52:10.364219,100.0,AST_USD,0.0098
2026-02-20 10:52:10.440363,100.0,SAPIEN_USD,0.08836
2026-02-20 10:52:10.515357,100.0,SPELL_USD,0.0001936
2026-02-20 10:52:10.941546,100.0,SYND_USD,0.0252
2026-02-20 10:52:11.018008,100.0,AVAX_EUR,7.79
2026-02-20 10:52:11.095115,100.0,AST_USD,0.0098
2026-02-20 10:52:11.171712,100.0,SAPIEN_USD,0.09056
2026-02-20 10:52:11.248187,100.0,SPELL_USD,0.0001924
2026-02-20 10:52:11.653148,100.0,SYND_USD,0.0249
2026-02-20 10:52:11.729043,100.0,AVAX_EUR,7.79
2026-02-20 10:52:11.804982,100.0,AST_USD,0.0094
2026-02-20 10:52:11.881624,100.0,SAPIEN_USD,0.08871
2026-02-20 10:52:11.957956,100.0,SPELL_USD,0.0001921
2026-02-20 10:52:12.371871,100.0,SYND_USD,0.0251
2026-02-20 10:52:12.449173,100.0,AVAX_EUR,7.75
2026-02-20 10:52:12.524832,100.0,AST_USD,0.0094
2026-02-20 10:52:12.601588,100.0,SAPIEN_USD,0.08775
2026-02-20 10:52:12.677371,100.0,SPELL_USD,0.0001905
2026-02-20 10:52:13.080984,100.0,SYND_USD,0.0251
2026-02-20 10:52:13.156937,100.0,AVAX_EUR,7.77
2026-02-20 10:52:13.233223,100.0,AST_USD,0.0095
2026-02-20 10:52:13.309729,100.0,SAPIEN_USD,0.08838
2026-02-20 10:52:13.386615,100.0,SPELL_USD,0.000191
2026-02-20 10:52:13.800064,100.0,SYND_USD,0.0251
2026-02-20 10:52:13.878052,100.0,AVAX_EUR,7.78
2026-02-20 10:52:13.953828,100.0,AST_USD,0.0095
2026-02-20 10:52:14.031591,100.0,SAPIEN_USD,0.08771
2026-02-20 10:52:14.108015,100.0,SPELL_USD,0.0001907
2026-02-20 10:52:14.517780,100.0,SYND_USD,0.0247
2026-02-20 10:52:14.595352,100.0,AVAX_EUR,7.74
2026-02-20 10:52:14.671482,100.0,AST_USD,0.0096
2026-02-20 10:52:14.748847,100.0,SAPIEN_USD,0.08716
2026-02-20 10:52:14.826143,100.0,SPELL_USD,0.0001901
2026-02-20 10:52:15.238080,100.0,SYND_USD,0.0247
2026-02-20 10:52:15.315954,100.0,AVAX_EUR,7.7
2026-02-20 10:52:15.393242,100.0,AST_USD,0.0095
2026-02-20 10:52:15.469799,100.0,SAPIEN_USD,0.08706
2026-02-20 10:52:15.547899,100.0,SPELL_USD,0.0001899
2026-02-20 10:52:15.972078,100.0,SYND_USD,0.0246
2026-02-20 10:52:16.049246,100.0,AVAX_EUR,7.66
2026-02-20 10:52:16.125475,100.0,AST_USD,0.0097
2026-02-20 10:52:16.203249,100.0,SAPIEN_USD,0.08624
2026-02-20 10:52:16.281249,100.0,SPELL_USD,0.0001897
2026-02-20 10:52:16.690233,100.0,SYND_USD,0.0251
2026-02-20 10:52:16.767805,100.0,AVAX_EUR,7.68
2026-02-20 10:52:16.845664,100.0,AST_USD,0.0093
2026-02-20 10:52:16.921282,100.0,SAPIEN_USD,0.08676
2026-02-20 10:52:16.998824,100.0,SPELL_USD,0.0001913
2026-02-20 10:52:17.419247,100.0,SYND_USD,0.0249
2026-02-20 10:52:17.497229,100.0,AVAX_EUR,7.74
2026-02-20 10:52:17.575245,100.0,AST_USD,0.0094
2026-02-20 10:52:17.653407,100.0,SAPIEN_USD,0.08802
2026-02-20 10:52:17.731281,100.0,SPELL_USD,0.0001913
2026-02-20 10:52:18.136216,100.0,SYND_USD,0.025
2026-02-20 10:52:18.213151,100.0,AVAX_EUR,7.77
2026-02-20 10:52:18.290365,100.0,AST_USD,0.0095
2026-02-20 10:52:18.367698,100.0,SAPIEN_USD,0.08835
2026-02-20 10:52:18.446957,100.0,SPELL_USD,0.0001913
2026-02-20 10:52:18.856935,100.0,SYND_USD,0.0253
2026-02-20 10:52:18.933192,100.0,AVAX_EUR,7.64
2026-02-20 10:52:19.010108,100.0,AST_USD,0.0095
2026-02-20 10:52:19.087099,100.0,SAPIEN_USD,0.08682
2026-02-20 10:52:19.164297,100.0,SPELL_USD,0.0001892
2026-02-20 10:52:19.572622,100.0,SYND_USD,0.0242
2026-02-20 10:52:19.649057,100.0,AVAX_EUR,7.65
2026-02-20 10:52:19.725420,100.0,AST_USD,0.0095
2026-02-20 10:52:19.802486,100.0,SAPIEN_USD,0.08748
2026-02-20 10:52:19.878068,100.0,SPELL_USD,0.0001913
2026-02-20 10:52:20.292681,100.0,SYND_USD,0.0246
2026-02-20 10:52:20.367394,100.0,AVAX_EUR,7.76
2026-02-20 10:52:20.446337,100.0,AST_USD,0.0097
2026-02-20 10:52:20.523785,100.0,SAPIEN_USD,0.08816
2026-02-20 10:52:20.602036,100.0,SPELL_USD,0.0001917
2026-02-20 10:52:21.039175,100.0,SYND_USD,0.0237
2026-02-20 10:52:21.116276,100.0,AVAX_EUR,7.66
2026-02-20 10:52:21.196552,100.0,AST_USD,0.0098
2026-02-20 10:52:21.273365,100.0,SAPIEN_USD,0.0876
2026-02-20 10:52:21.351364,100.0,SPELL_USD,0.0001898
2026-02-20 10:52:21.779293,100.0,SYND_USD,0.0243
2026-02-20 10:52:21.856417,100.0,AVAX_EUR,7.78
2026-02-20 10:52:21.933090,100.0,AST_USD,0.0099
2026-02-20 10:52:22.008973,100.0,SAPIEN_USD,0.08862
2026-02-20 10:52:22.085321,100.0,SPELL_USD,0.0001924
2026-02-20 10:52:22.533093,100.0,SYND_USD,0.0243
2026-02-20 10:52:22.609899,100.0,AVAX_EUR,7.76
2026-02-20 10:52:22.686951,100.0,AST_USD,0.0119
2026-02-20 10:52:22.764338,100.0,SAPIEN_USD,0.08945
2026-02-20 10:52:22.841276,100.0,SPELL_USD,0.0001914
2026-02-20 10:52:23.257162,100.0,SYND_USD,0.0243
2026-02-20 10:52:23.330455,100.0,AVAX_EUR,7.73
2026-02-20 10:52:23.408494,100.0,AST_USD,0.0109
2026-02-20 10:52:23.485019,100.0,SAND_USD,0.0858
2026-02-20 10:52:23.563510,100.0,SAPIEN_USD,0.08885
2026-02-20 10:52:23.643003,100.0,SPELL_USD,0.0001902
2026-02-20 10:52:24.052300,100.0,SYND_USD,0.0244
2026-02-20 10:52:24.129555,100.0,AVAX_EUR,7.73
2026-02-20 10:52:24.206332,100.0,AST_USD,0.0101
2026-02-20 10:52:24.282811,100.0,SAND_USD,0.086
2026-02-20 10:52:24.357961,100.0,DOT_EUR,1.14
2026-02-20 10:52:24.434561,100.0,SAPIEN_USD,0.08919
2026-02-20 10:52:24.511025,100.0,SPELL_USD,0.0001906
2026-02-20 10:52:24.921653,100.0,SYND_USD,0.0244
2026-02-20 10:52:24.997413,100.0,AVAX_EUR,7.74
2026-02-20 10:52:25.073398,100.0,AST_USD,0.0096
2026-02-20 10:52:25.148844,100.0,SAND_USD,0.0862
2026-02-20 10:52:25.225880,100.0,RENDER_USD,1.448
2026-02-20 10:52:25.302770,100.0,DOT_EUR,1.14
2026-02-20 10:52:25.379578,100.0,SAPIEN_USD,0.08935
2026-02-20 10:52:25.456337,100.0,SPELL_USD,0.0001909
2026-02-20 10:52:25.874029,100.0,USD1_USD,0.9997
2026-02-20 10:52:25.954198,100.0,SYND_USD,0.0249
2026-02-20 10:52:26.032982,100.0,AVAX_EUR,7.71
2026-02-20 10:52:26.109395,100.0,AST_USD,0.01
2026-02-20 10:52:26.186140,100.0,SAND_USD,0.0859
2026-02-20 10:52:26.264203,100.0,RENDER_USD,1.446
2026-02-20 10:52:26.342585,100.0,DOT_EUR,1.14
2026-02-20 10:52:26.422266,100.0,FIL_USD,0.961
2026-02-20 10:52:26.515670,100.0,SAPIEN_USD,0.08955
2026-02-20 10:52:26.592534,100.0,SPELL_USD,0.0001903
2026-02-20 10:52:26.668611,100.0,LINK_ETH,0.0044307
2026-02-20 10:52:27.091242,100.0,USD1_USD,0.9994
2026-02-20 10:52:27.167131,100.0,SYND_USD,0.0247
2026-02-20 10:52:27.243903,100.0,AVAX_EUR,7.69
2026-02-20 10:52:27.321134,100.0,AST_USD,0.0098
2026-02-20 10:52:27.397859,100.0,SAND_USD,0.0856
2026-02-20 10:52:27.477092,100.0,RENDER_USD,1.451
2026-02-20 10:52:27.555450,100.0,DOT_EUR,1.13
2026-02-20 10:52:27.632043,100.0,FIL_USD,0.955
2026-02-20 10:52:27.710177,100.0,SAPIEN_USD,0.08908
2026-02-20 10:52:27.787419,100.0,SPELL_USD,0.0001909
2026-02-20 10:52:27.863999,100.0,LINK_ETH,0.00443915
2026-02-20 10:52:28.271227,100.0,USD1_USD,0.9993
2026-02-20 10:52:28.350577,100.0,SYND_USD,0.0247
2026-02-20 10:52:28.428174,100.0,AVAX_EUR,7.68
2026-02-20 10:52:28.504504,100.0,AST_USD,0.0098
2026-02-20 10:52:28.581596,100.0,SAND_USD,0.0854
2026-02-20 10:52:28.657851,100.0,RENDER_USD,1.442
2026-02-20 10:52:28.733986,100.0,DOT_EUR,1.14
2026-02-20 10:52:28.810490,100.0,FIL_USD,0.955
2026-02-20 10:52:28.885741,100.0,SAPIEN_USD,0.08911
2026-02-20 10:52:28.962696,100.0,SPELL_USD,0.0001914
2026-02-20 10:52:29.038118,100.0,LINK_ETH,0.00444889
2026-02-20 10:52:29.453928,100.0,USD1_USD,0.9993
2026-02-20 10:52:29.530917,100.0,SYND_USD,0.0247
2026-02-20 10:52:29.607492,100.0,VOXEL_USD,0.0083
2026-02-20 10:52:29.685540,100.0,AVAX_EUR,7.7
2026-02-20 10:52:29.761668,100.0,AST_USD,0.0096
2026-02-20 10:52:29.837493,100.0,SAND_USD,0.0859
2026-02-20 10:52:29.914453,100.0,RENDER_USD,1.449
2026-02-20 10:52:29.990270,100.0,DOT_EUR,1.14
2026-02-20 10:52:30.066128,100.0,FIL_USD,0.962
2026-02-20 10:52:30.143323,100.0,SAPIEN_USD,0.08936
2026-02-20 10:52:30.221423,100.0,SPELL_USD,0.0001932
2026-02-20 10:52:30.298672,100.0,LINK_ETH,0.00445547
2026-02-20 10:52:30.713258,100.0,USD1_USD,0.9993
2026-02-20 10:52:30.788727,100.0,SYND_USD,0.0247
2026-02-20 10:52:30.864849,100.0,VOXEL_USD,0.0084
2026-02-20 10:52:30.944647,100.0,AVAX_EUR,7.69
2026-02-20 10:52:31.021128,100.0,AST_USD,0.0096
2026-02-20 10:52:31.096419,100.0,SAND_USD,0.0864
2026-02-20 10:52:31.173299,100.0,RENDER_USD,1.46
2026-02-20 10:52:31.249505,100.0,DOT_EUR,1.14
2026-02-20 10:52:31.326600,100.0,FIL_USD,0.964
2026-02-20 10:52:31.403348,100.0,SAPIEN_USD,0.08931
2026-02-20 10:52:31.480591,100.0,SPELL_USD,0.0001944
2026-02-20 10:52:31.556963,100.0,LINK_ETH,0.00445142
2026-02-20 10:52:31.981279,100.0,USD1_USD,0.9991
2026-02-20 10:52:32.059651,100.0,SYND_USD,0.0247
2026-02-20 10:52:32.138288,100.0,VOXEL_USD,0.0084
2026-02-20 10:52:32.215478,100.0,AVAX_EUR,7.66
2026-02-20 10:52:32.294605,100.0,AST_USD,0.01
2026-02-20 10:52:32.371809,100.0,SAND_USD,0.0865
2026-02-20 10:52:32.448126,100.0,RENDER_USD,1.458
2026-02-20 10:52:32.526003,100.0,DOT_EUR,1.14
2026-02-20 10:52:32.604058,100.0,FIL_USD,0.962
2026-02-20 10:52:32.683010,100.0,SAPIEN_USD,0.08888
2026-02-20 10:52:32.761227,100.0,SPELL_USD,0.0001937
2026-02-20 10:52:32.837640,100.0,LINK_ETH,0.00443589
2026-02-20 10:52:33.254287,100.0,USD1_USD,0.9991
2026-02-20 10:52:33.334487,100.0,SYND_USD,0.0247
2026-02-20 10:52:33.412159,100.0,VOXEL_USD,0.0087
2026-02-20 10:52:33.490544,100.0,AVAX_EUR,7.65
2026-02-20 10:52:33.566515,100.0,POWR_USD,0.0701
2026-02-20 10:52:33.642658,100.0,AST_USD,0.0098
2026-02-20 10:52:33.718092,100.0,SAND_USD,0.0869
2026-02-20 10:52:33.794196,100.0,RENDER_USD,1.457
2026-02-20 10:52:33.871184,100.0,DOT_EUR,1.14
2026-02-20 10:52:33.948454,100.0,FIL_USD,0.961
2026-02-20 10:52:34.025808,100.0,SAPIEN_USD,0.08904
2026-02-20 10:52:34.101128,100.0,SPELL_USD,0.0001932
2026-02-20 10:52:34.178156,100.0,LINK_ETH,0.00443332
2026-02-20 10:52:34.590703,100.0,USD1_USD,0.9994
2026-02-20 10:52:34.667782,100.0,SYND_USD,0.0247
2026-02-20 10:52:34.746793,100.0,VOXEL_USD,0.0097
2026-02-20 10:52:34.823669,100.0,AVAX_EUR,7.66
2026-02-20 10:52:34.900276,100.0,POWR_USD,0.0705
2026-02-20 10:52:34.976252,100.0,AST_USD,0.0096
2026-02-20 10:52:35.051812,100.0,SAND_USD,0.0871
2026-02-20 10:52:35.127305,100.0,RENDER_USD,1.455
2026-02-20 10:52:35.204805,100.0,DOT_EUR,1.15
2026-02-20 10:52:35.282255,100.0,FIL_USD,0.963
2026-02-20 10:52:35.358357,100.0,SAPIEN_USD,0.08976
2026-02-20 10:52:35.434313,100.0,SPELL_USD,0.0001934
2026-02-20 10:52:35.510800,100.0,LINK_ETH,0.00442937
2026-02-20 10:52:35.937433,100.0,USD1_USD,0.9995
2026-02-20 10:52:36.024162,100.0,SYND_USD,0.0248
2026-02-20 10:52:36.101839,100.0,VOXEL_USD,0.0114
2026-02-20 10:52:36.178398,100.0,AVAX_EUR,7.72
2026-02-20 10:52:36.255981,100.0,POWR_USD,0.071
2026-02-20 10:52:36.334126,100.0,AST_USD,0.0098
2026-02-20 10:52:36.411826,100.0,SAND_USD,0.0879
2026-02-20 10:52:36.489153,100.0,RENDER_USD,1.461
2026-02-20 10:52:36.567076,100.0,DOT_EUR,1.15
2026-02-20 10:52:36.643922,100.0,FIL_USD,0.968
2026-02-20 10:52:36.720379,100.0,SAPIEN_USD,0.08999
2026-02-20 10:52:36.799797,100.0,SPELL_USD,0.000194
2026-02-20 10:52:36.876056,100.0,LINK_ETH,0.00442271
2026-02-20 10:52:37.297831,100.0,USD1_USD,0.9998
2026-02-20 10:52:37.374810,100.0,SYND_USD,0.0248
2026-02-20 10:52:37.451892,100.0,VOXEL_USD,0.0102
2026-02-20 10:52:37.530202,100.0,AVAX_EUR,7.73
2026-02-20 10:52:37.607965,100.0,POWR_USD,0.0705
2026-02-20 10:52:37.687479,100.0,AST_USD,0.0095
2026-02-20 10:52:37.765364,100.0,SAND_USD,0.0871
2026-02-20 10:52:37.844694,100.0,RENDER_USD,1.457
2026-02-20 10:52:37.923886,100.0,DOT_EUR,1.15
2026-02-20 10:52:38.001675,100.0,FIL_USD,0.965
2026-02-20 10:52:38.078014,100.0,SAPIEN_USD,0.08916
2026-02-20 10:52:38.155627,100.0,SPELL_USD,0.0001931
2026-02-20 10:52:38.232132,100.0,LINK_ETH,0.00440658
2026-02-20 10:52:38.659968,100.0,USD1_USD,0.9998
2026-02-20 10:52:38.739096,100.0,SYND_USD,0.0248
2026-02-20 10:52:38.818428,100.0,VOXEL_USD,0.0109
2026-02-20 10:52:38.897201,100.0,AVAX_EUR,7.71
2026-02-20 10:52:38.974330,100.0,POWR_USD,0.0704
2026-02-20 10:52:39.051331,100.0,AST_USD,0.0098
2026-02-20 10:52:39.128386,100.0,SAND_USD,0.0871
2026-02-20 10:52:39.208329,100.0,RENDER_USD,1.461
2026-02-20 10:52:39.288235,100.0,DOT_EUR,1.15
2026-02-20 10:52:39.366941,100.0,FIL_USD,0.969
2026-02-20 10:52:39.443920,100.0,SAPIEN_USD,0.08907
2026-02-20 10:52:39.520934,100.0,SPELL_USD,0.0001928
2026-02-20 10:52:39.598535,100.0,LINK_ETH,0.00440186
2026-02-20 10:52:40.011219,100.0,USD1_USD,0.9998
2026-02-20 10:52:40.088650,100.0,SYND_USD,0.0241
2026-02-20 10:52:40.165057,100.0,VOXEL_USD,0.0107
2026-02-20 10:52:40.242343,100.0,AVAX_EUR,7.68
2026-02-20 10:52:40.318961,100.0,POWR_USD,0.0698
2026-02-20 10:52:40.396636,100.0,AST_USD,0.0096
2026-02-20 10:52:40.472832,100.0,SAND_USD,0.087
2026-02-20 10:52:40.548838,100.0,RENDER_USD,1.458
2026-02-20 10:52:40.626553,100.0,DOT_EUR,1.15
2026-02-20 10:52:40.705192,100.0,FIL_USD,0.964
2026-02-20 10:52:40.782489,100.0,SAPIEN_USD,0.0883
2026-02-20 10:52:40.859504,100.0,SPELL_USD,0.0001915
2026-02-20 10:52:40.940286,100.0,LINK_ETH,0.00442259
2026-02-20 10:52:41.361624,100.0,USD1_USD,0.9996
2026-02-20 10:52:41.438996,100.0,SYND_USD,0.0241
2026-02-20 10:52:41.516083,100.0,VOXEL_USD,0.0092
2026-02-20 10:52:41.592522,100.0,AVAX_EUR,7.66
2026-02-20 10:52:41.669400,100.0,POWR_USD,0.0689
2026-02-20 10:52:41.747402,100.0,AST_USD,0.0098
2026-02-20 10:52:41.824732,100.0,SAND_USD,0.0869
2026-02-20 10:52:41.900676,100.0,RENDER_USD,1.451
2026-02-20 10:52:41.977778,100.0,DOT_EUR,1.14
2026-02-20 10:52:42.058975,100.0,FIL_USD,0.961
2026-02-20 10:52:42.138138,100.0,SAPIEN_USD,0.08775
2026-02-20 10:52:42.217531,100.0,SPELL_USD,0.0001914
2026-02-20 10:52:42.294680,100.0,LINK_ETH,0.00443912
2026-02-20 10:52:42.701499,100.0,USD1_USD,0.9996
2026-02-20 10:52:42.778728,100.0,SYND_USD,0.0241
2026-02-20 10:52:42.856157,100.0,VOXEL_USD,0.0092
2026-02-20 10:52:42.933044,100.0,AVAX_EUR,7.65
2026-02-20 10:52:43.011427,100.0,POWR_USD,0.0685
2026-02-20 10:52:43.088955,100.0,AST_USD,0.0098
2026-02-20 10:52:43.166622,100.0,SAND_USD,0.0868
2026-02-20 10:52:43.243697,100.0,RENDER_USD,1.452
2026-02-20 10:52:43.321180,100.0,DOT_EUR,1.14
2026-02-20 10:52:43.398071,100.0,FIL_USD,0.959
2026-02-20 10:52:43.475584,100.0,SAPIEN_USD,0.08778
2026-02-20 10:52:43.551598,100.0,SPELL_USD,0.000191
2026-02-20 10:52:43.628432,100.0,IDEX_USD,0.0071
2026-02-20 10:52:43.705054,100.0,LINK_ETH,0.0044222
2026-02-20 10:52:44.121402,100.0,USD1_USD,0.9997
2026-02-20 10:52:44.201708,100.0,SYND_USD,0.0244
2026-02-20 10:52:44.281064,100.0,VOXEL_USD,0.0088
2026-02-20 10:52:44.358910,100.0,AVAX_EUR,7.6
2026-02-20 10:52:44.439053,100.0,POWR_USD,0.0685
2026-02-20 10:52:44.518436,100.0,AST_USD,0.0096
2026-02-20 10:52:44.599343,100.0,SAND_USD,0.0858
2026-02-20 10:52:44.678401,100.0,RENDER_USD,1.435
2026-02-20 10:52:44.758363,100.0,DOT_EUR,1.13
2026-02-20 10:52:44.836000,100.0,FIL_USD,0.947
2026-02-20 10:52:44.912778,100.0,SAPIEN_USD,0.08714
2026-02-20 10:52:44.989778,100.0,SPELL_USD,0.00019
2026-02-20 10:52:45.069136,100.0,IDEX_USD,0.007
2026-02-20 10:52:45.149019,100.0,LINK_ETH,0.00441485
2026-02-20 10:52:45.558474,100.0,USD1_USD,0.9996
2026-02-20 10:52:45.637766,100.0,SYND_USD,0.0241
2026-02-20 10:52:45.716235,100.0,VOXEL_USD,0.0085
2026-02-20 10:52:45.795935,100.0,AVAX_EUR,7.59
2026-02-20 10:52:45.874856,100.0,POWR_USD,0.0679
2026-02-20 10:52:45.955858,100.0,AST_USD,0.0096
2026-02-20 10:52:46.033113,100.0,SAND_USD,0.0854
2026-02-20 10:52:46.110010,100.0,RENDER_USD,1.433
2026-02-20 10:52:46.186430,100.0,DOT_EUR,1.13
2026-02-20 10:52:46.265062,100.0,FIL_USD,0.945
2026-02-20 10:52:46.342443,100.0,SAPIEN_USD,0.08655
2026-02-20 10:52:46.420126,100.0,SPELL_USD,0.0001895
2026-02-20 10:52:46.498235,100.0,IDEX_USD,0.007
2026-02-20 10:52:46.575878,100.0,LINK_ETH,0.00442795
2026-02-20 10:52:46.990806,100.0,USD1_USD,0.9998
2026-02-20 10:52:47.067942,100.0,SYND_USD,0.0243
2026-02-20 10:52:47.144743,100.0,VOXEL_USD,0.0089
2026-02-20 10:52:47.222006,100.0,AVAX_EUR,7.74
2026-02-20 10:52:47.298662,100.0,POWR_USD,0.0676
2026-02-20 10:52:47.376480,100.0,AST_USD,0.0096
2026-02-20 10:52:47.455781,100.0,SAND_USD,0.0873
2026-02-20 10:52:47.535966,100.0,RENDER_USD,1.473
2026-02-20 10:52:47.617306,100.0,DOT_EUR,1.16
2026-02-20 10:52:47.695553,100.0,FIL_USD,0.966
2026-02-20 10:52:47.773760,100.0,SAPIEN_USD,0.0879
2026-02-20 10:52:47.849128,100.0,SPELL_USD,0.0001916
2026-02-20 10:52:47.914088,100.0,IDEX_USD,0.007
2026-02-20 10:52:47.979519,100.0,LINK_ETH,0.00443142
2026-02-20 10:52:48.410132,100.0,USD1_USD,0.9997
2026-02-20 10:52:48.486319,100.0,SYND_USD,0.0243
2026-02-20 10:52:48.565112,100.0,VOXEL_USD,0.0087
2026-02-20 10:52:48.641749,100.0,AVAX_EUR,7.64
2026-02-20 10:52:48.718228,100.0,POWR_USD,0.0676
2026-02-20 10:52:48.814093,100.0,AST_USD,0.0095
2026-02-20 10:52:48.893241,100.0,SAND_USD,0.0865
2026-02-20 10:52:48.971867,100.0,RENDER_USD,1.446
2026-02-20 10:52:49.048707,100.0,DOT_EUR,1.14
2026-02-20 10:52:49.125743,100.0,FIL_USD,0.954
2026-02-20 10:52:49.201717,100.0,SAPIEN_USD,0.08674
2026-02-20 10:52:49.279472,100.0,SPELL_USD,0.0001898
2026-02-20 10:52:49.356918,100.0,IDEX_USD,0.0069
2026-02-20 10:52:49.432968,100.0,LINK_ETH,0.00442711
2026-02-20 10:52:49.837854,100.0,USD1_USD,0.9999
2026-02-20 10:52:49.916400,100.0,SYND_USD,0.0243
2026-02-20 10:52:49.993302,100.0,VOXEL_USD,0.0085
2026-02-20 10:52:50.069635,100.0,AVAX_EUR,7.64
2026-02-20 10:52:50.147708,100.0,POWR_USD,0.0676
2026-02-20 10:52:50.224847,100.0,AST_USD,0.0095
2026-02-20 10:52:50.301682,100.0,SAND_USD,0.0857
2026-02-20 10:52:50.378414,100.0,RENDER_USD,1.447
2026-02-20 10:52:50.457171,100.0,DOT_EUR,1.14
2026-02-20 10:52:50.534587,100.0,FIL_USD,0.954
2026-02-20 10:52:50.611609,100.0,SAPIEN_USD,0.08582
2026-02-20 10:52:50.688287,100.0,SPELL_USD,0.000189
2026-02-20 10:52:50.765552,100.0,IDEX_USD,0.0069
2026-02-20 10:52:50.842608,100.0,LINK_ETH,0.00441043
2026-02-20 10:52:51.266539,100.0,USD1_USD,0.9998
2026-02-20 10:52:51.345368,100.0,SYND_USD,0.0243
2026-02-20 10:52:51.424214,100.0,VOXEL_USD,0.0084
2026-02-20 10:52:51.500725,100.0,AVAX_EUR,7.56
2026-02-20 10:52:51.578231,100.0,POWR_USD,0.0667
2026-02-20 10:52:51.654331,100.0,AST_USD,0.0094
2026-02-20 10:52:51.733588,100.0,SAND_USD,0.0849
2026-02-20 10:52:51.811666,100.0,RENDER_USD,1.43
2026-02-20 10:52:51.890446,100.0,DOT_EUR,1.12
2026-02-20 10:52:51.968557,100.0,FIL_USD,0.936
2026-02-20 10:52:52.044481,100.0,SAPIEN_USD,0.08498
2026-02-20 10:52:52.133557,100.0,SPELL_USD,0.000188
2026-02-20 10:52:52.210808,100.0,IDEX_USD,0.0069
2026-02-20 10:52:52.288154,100.0,LINK_ETH,0.00441215
2026-02-20 10:52:52.702029,100.0,USD1_USD,0.9998
2026-02-20 10:52:52.778176,100.0,SYND_USD,0.0238
2026-02-20 10:52:52.856339,100.0,VOXEL_USD,0.0085
2026-02-20 10:52:52.933278,100.0,AVAX_EUR,7.52
2026-02-20 10:52:53.012628,100.0,POWR_USD,0.0667
2026-02-20 10:52:53.089617,100.0,AST_USD,0.0097
2026-02-20 10:52:53.168031,100.0,SAND_USD,0.0845
2026-02-20 10:52:53.245508,100.0,RENDER_USD,1.417
2026-02-20 10:52:53.322884,100.0,DOT_EUR,1.12
2026-02-20 10:52:53.400137,100.0,FIL_USD,0.926
2026-02-20 10:52:53.477739,100.0,SAPIEN_USD,0.08374
2026-02-20 10:52:53.556206,100.0,SPELL_USD,0.0001865
2026-02-20 10:52:53.634003,100.0,IDEX_USD,0.0068
2026-02-20 10:52:53.711750,100.0,LINK_ETH,0.00442668
2026-02-20 10:52:54.137623,100.0,USD1_USD,0.9999
2026-02-20 10:52:54.215743,100.0,SYND_USD,0.0238
2026-02-20 10:52:54.292403,100.0,VOXEL_USD,0.0085
2026-02-20 10:52:54.370044,100.0,AVAX_EUR,7.57
2026-02-20 10:52:54.447759,100.0,POWR_USD,0.066
2026-02-20 10:52:54.524578,100.0,AST_USD,0.0099
2026-02-20 10:52:54.600755,100.0,SAND_USD,0.0845
2026-02-20 10:52:54.678988,100.0,RENDER_USD,1.42
2026-02-20 10:52:54.758772,100.0,DOT_EUR,1.12
2026-02-20 10:52:54.835895,100.0,FIL_USD,0.93
2026-02-20 10:52:54.912966,100.0,SAPIEN_USD,0.08451
2026-02-20 10:52:54.991027,100.0,SPELL_USD,0.0001862
2026-02-20 10:52:55.068161,100.0,IDEX_USD,0.0068
2026-02-20 10:52:55.146106,100.0,LINK_ETH,0.00440899
2026-02-20 10:52:55.596126,100.0,USD1_USD,0.9998
2026-02-20 10:52:55.695800,100.0,SYND_USD,0.0237
2026-02-20 10:52:55.810507,100.0,VOXEL_USD,0.0086
2026-02-20 10:52:55.911669,100.0,AVAX_EUR,7.54
2026-02-20 10:52:55.990510,100.0,POWR_USD,0.066
2026-02-20 10:52:56.067168,100.0,AST_USD,0.0096
2026-02-20 10:52:56.144430,100.0,SAND_USD,0.0845
2026-02-20 10:52:56.221751,100.0,RENDER_USD,1.418
2026-02-20 10:52:56.298071,100.0,DOT_EUR,1.12
2026-02-20 10:52:56.375260,100.0,FIL_USD,0.926
2026-02-20 10:52:56.451877,100.0,SAPIEN_USD,0.08452
2026-02-20 10:52:56.528724,100.0,SPELL_USD,0.0001853
2026-02-20 10:52:56.607312,100.0,IDEX_USD,0.0067
2026-02-20 10:52:56.684621,100.0,LINK_ETH,0.00441846
2026-02-20 10:52:57.101577,100.0,USD1_USD,0.9998
2026-02-20 10:52:57.180391,100.0,SYND_USD,0.0237
2026-02-20 10:52:57.258687,100.0,VOXEL_USD,0.0086
2026-02-20 10:52:57.335889,100.0,AVAX_EUR,7.51
2026-02-20 10:52:57.412675,100.0,POWR_USD,0.066
2026-02-20 10:52:57.489994,100.0,AST_USD,0.0099
2026-02-20 10:52:57.567104,100.0,SAND_USD,0.0845
2026-02-20 10:52:57.644725,100.0,RENDER_USD,1.418
2026-02-20 10:52:57.722611,100.0,DOT_EUR,1.11
2026-02-20 10:52:57.800307,100.0,FIL_USD,0.926
2026-02-20 10:52:57.878559,100.0,SAPIEN_USD,0.08406
2026-02-20 10:52:57.959901,100.0,SPELL_USD,0.0001849
2026-02-20 10:52:58.037523,100.0,IDEX_USD,0.0067
2026-02-20 10:52:58.115177,100.0,LINK_ETH,0.00441846
2026-02-20 10:52:58.526389,100.0,USD1_USD,0.9998
2026-02-20 10:52:58.602842,100.0,VOXEL_USD,0.0086
2026-02-20 10:52:58.680363,100.0,AVAX_EUR,7.51
2026-02-20 10:52:58.758041,100.0,POWR_USD,0.066
2026-02-20 10:52:58.835715,100.0,AST_USD,0.0099
2026-02-20 10:52:58.912705,100.0,SAND_USD,0.0845
2026-02-20 10:52:58.994068,100.0,RENDER_USD,1.418
2026-02-20 10:52:59.070517,100.0,DOT_EUR,1.11
2026-02-20 10:52:59.147480,100.0,FIL_USD,0.926
2026-02-20 10:52:59.224715,100.0,SAPIEN_USD,0.08406
2026-02-20 10:52:59.300747,100.0,SPELL_USD,0.0001849
2026-02-20 10:52:59.377601,100.0,IDEX_USD,0.0067
2026-02-20 10:52:59.456325,100.0,LINK_ETH,0.00441846
2026-02-20 10:52:59.884645,100.0,USD1_USD,0.9998
2026-02-20 10:52:59.963124,100.0,VOXEL_USD,0.0086
2026-02-20 10:53:00.043282,100.0,AVAX_EUR,7.51
2026-02-20 10:53:00.121648,100.0,POWR_USD,0.066
2026-02-20 10:53:00.199961,100.0,AST_USD,0.0099
2026-02-20 10:53:00.277158,100.0,SAND_USD,0.0845
2026-02-20 10:53:00.353127,100.0,RENDER_USD,1.418
2026-02-20 10:53:00.429616,100.0,DOT_EUR,1.11
2026-02-20 10:53:00.507890,100.0,FIL_USD,0.926
2026-02-20 10:53:00.585497,100.0,SAPIEN_USD,0.08406
2026-02-20 10:53:00.662656,100.0,SPELL_USD,0.0001849
2026-02-20 10:53:00.739180,100.0,IDEX_USD,0.0067
2026-02-20 10:53:00.817257,100.0,LINK_ETH,0.00441846
2026-02-20 10:53:01.242559,100.0,USD1_USD,0.9998
2026-02-20 10:53:01.319715,100.0,VOXEL_USD,0.0086
2026-02-20 10:53:01.396855,100.0,AVAX_EUR,7.51
2026-02-20 10:53:01.474337,100.0,POWR_USD,0.066
2026-02-20 10:53:01.550839,100.0,AST_USD,0.0099
2026-02-20 10:53:01.628043,100.0,SAND_USD,0.0845
2026-02-20 10:53:01.705687,100.0,RENDER_USD,1.418
2026-02-20 10:53:01.783262,100.0,DOT_EUR,1.11
2026-02-20 10:53:01.859889,100.0,FIL_USD,0.926
2026-02-20 10:53:01.936955,100.0,SAPIEN_USD,0.08406
2026-02-20 10:53:02.015214,100.0,SPELL_USD,0.0001849
2026-02-20 10:53:02.091709,100.0,IDEX_USD,0.0067
2026-02-20 10:53:02.168461,100.0,LINK_ETH,0.00441846
2026-02-20 10:53:02.583955,100.0,USD1_USD,0.9998
2026-02-20 10:53:02.660521,100.0,VOXEL_USD,0.0086
2026-02-20 10:53:02.737403,100.0,AVAX_EUR,7.51
2026-02-20 10:53:02.813926,100.0,POWR_USD,0.066
2026-02-20 10:53:02.890971,100.0,AST_USD,0.0099
2026-02-20 10:53:02.968031,100.0,SAND_USD,0.0845
2026-02-20 10:53:03.045026,100.0,RENDER_USD,1.418
2026-02-20 10:53:03.122465,100.0,DOT_EUR,1.11
2026-02-20 10:53:03.199890,100.0,FIL_USD,0.926
2026-02-20 10:53:03.276625,100.0,SAPIEN_USD,0.08406
2026-02-20 10:53:03.353515,100.0,SPELL_USD,0.0001849
2026-02-20 10:53:03.430537,100.0,IDEX_USD,0.0067
2026-02-20 10:53:03.508609,100.0,LINK_ETH,0.00441846
2026-02-20 10:53:03.936634,100.0,USD1_USD,0.9998
2026-02-20 10:53:04.030301,100.0,VOXEL_USD,0.0086
2026-02-20 10:53:04.114628,100.0,AVAX_EUR,7.51
2026-02-20 10:53:04.193225,100.0,POWR_USD,0.066
2026-02-20 10:53:04.270694,100.0,AST_USD,0.0099
2026-02-20 10:53:04.348534,100.0,SAND_USD,0.0845
2026-02-20 10:53:04.427565,100.0,RENDER_USD,1.418
2026-02-20 10:53:04.506968,100.0,DOT_EUR,1.11
2026-02-20 10:53:04.588046,100.0,FIL_USD,0.926
2026-02-20 10:53:04.668150,100.0,SAPIEN_USD,0.08406
2026-02-20 10:53:04.747816,100.0,SPELL_USD,0.0001849
2026-02-20 10:53:04.828757,100.0,IDEX_USD,0.0067
2026-02-20 10:53:04.907892,100.0,LINK_ETH,0.00441846
2026-02-20 10:53:05.313818,100.0,USD1_USD,0.9998
2026-02-20 10:53:05.391735,100.0,VOXEL_USD,0.0086
2026-02-20 10:53:05.467760,100.0,AVAX_EUR,7.51
2026-02-20 10:53:05.544754,100.0,POWR_USD,0.066
2026-02-20 10:53:05.623968,100.0,AST_USD,0.0099
2026-02-20 10:53:05.701706,100.0,SAND_USD,0.0845
2026-02-20 10:53:05.780007,100.0,RENDER_USD,1.418
2026-02-20 10:53:05.857362,100.0,DOT_EUR,1.11
2026-02-20 10:53:05.934699,100.0,FIL_USD,0.926
2026-02-20 10:53:06.014058,100.0,SAPIEN_USD,0.08406
2026-02-20 10:53:06.092690,100.0,SPELL_USD,0.0001849
2026-02-20 10:53:06.169723,100.0,LINK_ETH,0.00441846
2026-02-20 10:53:06.587665,100.0,USD1_USD,0.9998
2026-02-20 10:53:06.667622,100.0,VOXEL_USD,0.0086
2026-02-20 10:53:06.744630,100.0,AVAX_EUR,7.51
2026-02-20 10:53:06.822723,100.0,AST_USD,0.0099
2026-02-20 10:53:06.901875,100.0,SAND_USD,0.0845
2026-02-20 10:53:06.983794,100.0,RENDER_USD,1.418
2026-02-20 10:53:07.060131,100.0,DOT_EUR,1.11
2026-02-20 10:53:07.137103,100.0,FIL_USD,0.926
2026-02-20 10:53:07.214250,100.0,SAPIEN_USD,0.08406
2026-02-20 10:53:07.293380,100.0,SPELL_USD,0.0001849
2026-02-20 10:53:07.370320,100.0,LINK_ETH,0.00441846
2026-02-20 10:53:07.784675,100.0,USD1_USD,0.9998
2026-02-20 10:53:07.862327,100.0,VOXEL_USD,0.0086
2026-02-20 10:53:07.938989,100.0,AVAX_EUR,7.51
2026-02-20 10:53:08.016363,100.0,AST_USD,0.0099
2026-02-20 10:53:08.094681,100.0,SAND_USD,0.0845
2026-02-20 10:53:08.185090,100.0,RENDER_USD,1.418
2026-02-20 10:53:08.261792,100.0,DOT_EUR,1.11
2026-02-20 10:53:08.339325,100.0,FIL_USD,0.926
2026-02-20 10:53:08.429283,100.0,SAPIEN_USD,0.08406
2026-02-20 10:53:08.512446,100.0,SPELL_USD,0.0001849
2026-02-20 10:53:08.595238,100.0,LINK_ETH,0.00441846
2026-02-20 10:53:09.068669,100.0,USD1_USD,0.9998
2026-02-20 10:53:09.145841,100.0,VOXEL_USD,0.0086
2026-02-20 10:53:09.223315,100.0,AVAX_EUR,7.51
2026-02-20 10:53:09.299843,100.0,AST_USD,0.0099
2026-02-20 10:53:09.376813,100.0,SAND_USD,0.0845
2026-02-20 10:53:09.453298,100.0,RENDER_USD,1.418
2026-02-20 10:53:09.538545,100.0,DOT_EUR,1.11
2026-02-20 10:53:09.612134,100.0,FIL_USD,0.926
2026-02-20 10:53:09.685895,100.0,SAPIEN_USD,0.08406
2026-02-20 10:53:09.760499,100.0,SPELL_USD,0.0001849
2026-02-20 10:53:09.834375,100.0,LINK_ETH,0.00441846
2026-02-20 10:53:10.283004,100.0,USD1_USD,0.9998
2026-02-20 10:53:10.355630,100.0,VOXEL_USD,0.0086
2026-02-20 10:53:10.429512,100.0,AVAX_EUR,7.51
2026-02-20 10:53:10.502147,100.0,AST_USD,0.0099
2026-02-20 10:53:10.576051,100.0,SAND_USD,0.0845
2026-02-20 10:53:10.661438,100.0,RENDER_USD,1.418
2026-02-20 10:53:10.735692,100.0,DOT_EUR,1.11
2026-02-20 10:53:10.808684,100.0,FIL_USD,0.926
2026-02-20 10:53:10.882295,100.0,SAPIEN_USD,0.08406
2026-02-20 10:53:10.955735,100.0,SPELL_USD,0.0001849
2026-02-20 10:53:11.031914,100.0,LINK_ETH,0.00441846
2026-02-20 10:53:11.478964,100.0,USD1_USD,0.9998
2026-02-20 10:53:11.553186,100.0,VOXEL_USD,0.0086
2026-02-20 10:53:11.627321,100.0,AVAX_EUR,7.51
2026-02-20 10:53:11.701409,100.0,AST_USD,0.0099
2026-02-20 10:53:11.787737,100.0,SAND_USD,0.0845
2026-02-20 10:53:11.861749,100.0,RENDER_USD,1.418
2026-02-20 10:53:11.935771,100.0,DOT_EUR,1.11
2026-02-20 10:53:12.008890,100.0,FIL_USD,0.926
2026-02-20 10:53:12.081263,100.0,SAPIEN_USD,0.08406
2026-02-20 10:53:12.154816,100.0,SPELL_USD,0.0001849
2026-02-20 10:53:12.228581,100.0,LINK_ETH,0.00441846
2026-02-20 10:53:12.689172,100.0,USD1_USD,0.9998
2026-02-20 10:53:12.764517,100.0,VOXEL_USD,0.0086
2026-02-20 10:53:12.838718,100.0,AVAX_EUR,7.51
2026-02-20 10:53:12.921421,100.0,AST_USD,0.0099
2026-02-20 10:53:13.001434,100.0,SAND_USD,0.0845
2026-02-20 10:53:13.076046,100.0,RENDER_USD,1.418
2026-02-20 10:53:13.148931,100.0,DOT_EUR,1.11
2026-02-20 10:53:13.222492,100.0,FIL_USD,0.926
2026-02-20 10:53:13.296704,100.0,SAPIEN_USD,0.08406
2026-02-20 10:53:13.369938,100.0,SPELL_USD,0.0001849
2026-02-20 10:53:13.443199,100.0,LINK_ETH,0.00441846
2026-02-20 10:53:13.885563,100.0,USD1_USD,0.9998
2026-02-20 10:53:13.959684,100.0,VOXEL_USD,0.0086
2026-02-20 10:53:14.045536,100.0,AVAX_EUR,7.51
2026-02-20 10:53:14.118763,100.0,SAND_USD,0.0845
2026-02-20 10:53:14.192530,100.0,RENDER_USD,1.418
2026-02-20 10:53:14.263657,100.0,DOT_EUR,1.11
2026-02-20 10:53:14.336477,100.0,FIL_USD,0.926
2026-02-20 10:53:14.410077,100.0,SAPIEN_USD,0.08406
2026-02-20 10:53:14.483901,100.0,SPELL_USD,0.0001849
2026-02-20 10:53:14.569317,100.0,LINK_ETH,0.00441846
2026-02-20 10:53:15.008959,100.0,USD1_USD,0.9998
2026-02-20 10:53:15.094078,100.0,VOXEL_USD,0.0086
2026-02-20 10:53:15.168485,100.0,AVAX_EUR,7.51
2026-02-20 10:53:15.241973,100.0,SAND_USD,0.0845
2026-02-20 10:53:15.313450,100.0,RENDER_USD,1.418
2026-02-20 10:53:15.385823,100.0,DOT_EUR,1.11
2026-02-20 10:53:15.457379,100.0,FIL_USD,0.926
2026-02-20 10:53:15.529942,100.0,SAPIEN_USD,0.08406
2026-02-20 10:53:15.602712,100.0,SPELL_USD,0.0001849
2026-02-20 10:53:15.674242,100.0,LINK_ETH,0.00441846
2026-02-20 10:53:16.080643,100.0,USD1_USD,0.9998
2026-02-20 10:53:16.153218,100.0,VOXEL_USD,0.0086
2026-02-20 10:53:16.225600,100.0,AVAX_EUR,7.51
2026-02-20 10:53:16.296779,100.0,SAND_USD,0.0845
2026-02-20 10:53:16.367823,100.0,RENDER_USD,1.418
2026-02-20 10:53:16.439662,100.0,DOT_EUR,1.11
2026-02-20 10:53:16.512392,100.0,FIL_USD,0.926
2026-02-20 10:53:16.584349,100.0,SAPIEN_USD,0.08406
2026-02-20 10:53:16.657217,100.0,SPELL_USD,0.0001849
2026-02-20 10:53:16.729269,100.0,LINK_ETH,0.00441846
2026-02-20 10:53:17.145506,100.0,USD1_USD,0.9998
2026-02-20 10:53:17.217230,100.0,VOXEL_USD,0.0086
2026-02-20 10:53:17.289570,100.0,AVAX_EUR,7.51
2026-02-20 10:53:17.361503,100.0,SAND_USD,0.0845
2026-02-20 10:53:17.434465,100.0,RENDER_USD,1.418
2026-02-20 10:53:17.506545,100.0,DOT_EUR,1.11
2026-02-20 10:53:17.579670,100.0,FIL_USD,0.926
2026-02-20 10:53:17.651779,100.0,SAPIEN_USD,0.08406
2026-02-20 10:53:17.722280,100.0,SPELL_USD,0.0001849
2026-02-20 10:53:17.794477,100.0,LINK_ETH,0.00441846
2026-02-20 10:53:18.198740,100.0,USD1_USD,0.9998
2026-02-20 10:53:18.271023,100.0,VOXEL_USD,0.0086
2026-02-20 10:53:18.342724,100.0,AVAX_EUR,7.51
2026-02-20 10:53:18.414210,100.0,SAND_USD,0.0845
2026-02-20 10:53:18.486166,100.0,RENDER_USD,1.418
2026-02-20 10:53:18.558501,100.0,DOT_EUR,1.11
2026-02-20 10:53:18.629988,100.0,FIL_USD,0.926
2026-02-20 10:53:18.701255,100.0,SAPIEN_USD,0.08406
2026-02-20 10:53:18.773115,100.0,SPELL_USD,0.0001849
2026-02-20 10:53:18.845626,100.0,LINK_ETH,0.00441846
2026-02-20 10:53:19.256968,100.0,USD1_USD,0.9998
2026-02-20 10:53:19.328227,100.0,VOXEL_USD,0.0086
2026-02-20 10:53:19.400032,100.0,AVAX_EUR,7.51
2026-02-20 10:53:19.471740,100.0,SAND_USD,0.0845
2026-02-20 10:53:19.543316,100.0,RENDER_USD,1.418
2026-02-20 10:53:19.614285,100.0,DOT_EUR,1.11
2026-02-20 10:53:19.686036,100.0,FIL_USD,0.926
2026-02-20 10:53:19.758124,100.0,SAPIEN_USD,0.08406
2026-02-20 10:53:19.829936,100.0,SPELL_USD,0.0001849
2026-02-20 10:53:19.900912,100.0,LINK_ETH,0.00441846
2026-02-20 10:53:20.301855,100.0,USD1_USD,0.9998
2026-02-20 10:53:20.372922,100.0,VOXEL_USD,0.0086
2026-02-20 10:53:20.444900,100.0,AVAX_EUR,7.51
2026-02-20 10:53:20.516557,100.0,SAND_USD,0.0845
2026-02-20 10:53:20.587759,100.0,RENDER_USD,1.418
2026-02-20 10:53:20.660339,100.0,FIL_USD,0.926
2026-02-20 10:53:20.732035,100.0,SAPIEN_USD,0.08406
2026-02-20 10:53:20.803029,100.0,SPELL_USD,0.0001849
2026-02-20 10:53:20.875005,100.0,LINK_ETH,0.00441846
2026-02-20 10:53:21.278219,100.0,USD1_USD,0.9998
2026-02-20 10:53:21.349677,100.0,VOXEL_USD,0.0086
2026-02-20 10:53:21.421653,100.0,AVAX_EUR,7.51
2026-02-20 10:53:21.494198,100.0,RENDER_USD,1.418
2026-02-20 10:53:21.565238,100.0,FIL_USD,0.926
2026-02-20 10:53:21.637449,100.0,SAPIEN_USD,0.08406
2026-02-20 10:53:21.708721,100.0,SPELL_USD,0.0001849
2026-02-20 10:53:21.779823,100.0,LINK_ETH,0.00441846
2026-02-20 10:53:22.189012,100.0,AVAX_EUR,7.51
2026-02-20 10:53:22.261216,100.0,RENDER_USD,1.418
2026-02-20 10:53:22.334288,100.0,FIL_USD,0.926
2026-02-20 10:53:22.406013,100.0,SAPIEN_USD,0.08406
2026-02-20 10:53:22.812916,100.0,RENDER_USD,1.418
2026-02-20 10:53:22.885255,100.0,FIL_USD,0.926
2026-02-20 10:53:22.956981,100.0,SAPIEN_USD,0.08406
